거래선코드,거래선명,연월,n_orders,total_amount
CL-001,그린에어컨설치,2024-07,202,78754042
CL-001,그린에어컨설치,2024-08,162,65453246
CL-001,그린에어컨설치,2024-09,96,37429780
CL-001,그린에어컨설치,2024-10,78,25296161
CL-001,그린에어컨설치,2024-11,64,29166912
CL-001,그린에어컨설치,2024-12,52,22142969
CL-001,그린에어컨설치,2025-01,55,21717550
CL-001,그린에어컨설치,2025-02,77,29117274
CL-001,그린에어컨설치,2025-03,101,41478571
CL-001,그린에어컨설치,2025-04,121,53090047
CL-001,그린에어컨설치,2025-05,140,62199521
CL-001,그린에어컨설치,2025-06,210,83451456
CL-001,그린에어컨설치,2025-07,194,73669602
CL-001,그린에어컨설치,2025-08,165,71318739
CL-001,그린에어컨설치,2025-09,112,42304711
CL-001,그린에어컨설치,2025-10,78,35694325
CL-001,그린에어컨설치,2025-11,74,31334273
CL-001,그린에어컨설치,2025-12,64,28049075
CL-001,그린에어컨설치,2026-01,52,26207922
CL-001,그린에어컨설치,2026-02,53,19228406
CL-001,그린에어컨설치,2026-03,101,38218983
CL-001,그린에어컨설치,2026-04,182,75425821
CL-001,그린에어컨설치,2026-05,219,102286553
CL-001,그린에어컨설치,2026-06,248,96252172
CL-002,대성냉동공조,2024-07,183,66739636
CL-002,대성냉동공조,2024-08,156,56780664
CL-002,대성냉동공조,2024-09,86,31876506
CL-002,대성냉동공조,2024-10,84,38145205
CL-002,대성냉동공조,2024-11,54,17815178
CL-002,대성냉동공조,2024-12,56,26401301
CL-002,대성냉동공조,2025-01,65,24583342
CL-002,대성냉동공조,2025-02,66,27444857
CL-002,대성냉동공조,2025-03,86,29715363
CL-002,대성냉동공조,2025-04,134,61689220
CL-002,대성냉동공조,2025-05,145,51552518
CL-002,대성냉동공조,2025-06,197,73325358
CL-002,대성냉동공조,2025-07,197,79061967
CL-002,대성냉동공조,2025-08,137,60401541
CL-002,대성냉동공조,2025-09,101,39094614
CL-002,대성냉동공조,2025-10,88,37060999
CL-002,대성냉동공조,2025-11,61,29229255
CL-002,대성냉동공조,2025-12,67,32381299
CL-002,대성냉동공조,2026-01,50,25531595
CL-002,대성냉동공조,2026-02,63,26555818
CL-002,대성냉동공조,2026-03,111,46376906
CL-002,대성냉동공조,2026-04,188,86130711
CL-002,대성냉동공조,2026-05,208,77807416
CL-002,대성냉동공조,2026-06,251,99878099
CL-003,대한건설 기전팀,2024-07,166,69023294
CL-003,대한건설 기전팀,2024-08,146,55987341
CL-003,대한건설 기전팀,2024-09,112,42555381
CL-003,대한건설 기전팀,2024-10,71,28374268
CL-003,대한건설 기전팀,2024-11,61,19783946
CL-003,대한건설 기전팀,2024-12,47,18684238
CL-003,대한건설 기전팀,2025-01,61,25624575
CL-003,대한건설 기전팀,2025-02,62,29065721
CL-003,대한건설 기전팀,2025-03,87,37169908
CL-003,대한건설 기전팀,2025-04,113,39773040
CL-003,대한건설 기전팀,2025-05,133,53681653
CL-003,대한건설 기전팀,2025-06,173,58474500
CL-003,대한건설 기전팀,2025-07,170,68272048
CL-003,대한건설 기전팀,2025-08,164,62149558
CL-003,대한건설 기전팀,2025-09,102,40578399
CL-003,대한건설 기전팀,2025-10,86,28213710
CL-003,대한건설 기전팀,2025-11,59,19590166
CL-003,대한건설 기전팀,2025-12,48,21506193
CL-003,대한건설 기전팀,2026-01,63,25077752
CL-003,대한건설 기전팀,2026-02,51,17943395
CL-003,대한건설 기전팀,2026-03,72,24595292
CL-003,대한건설 기전팀,2026-04,168,66118301
CL-003,대한건설 기전팀,2026-05,220,87383392
CL-003,대한건설 기전팀,2026-06,240,99767643
CL-004,동양공조기전,2024-07,175,72199704
CL-004,동양공조기전,2024-08,154,56484643
CL-004,동양공조기전,2024-09,113,45678208
CL-004,동양공조기전,2024-10,87,32250246
CL-004,동양공조기전,2024-11,67,24256589
CL-004,동양공조기전,2024-12,60,24956276
CL-004,동양공조기전,2025-01,50,19117448
CL-004,동양공조기전,2025-02,60,20985828
CL-004,동양공조기전,2025-03,105,40296852
CL-004,동양공조기전,2025-04,132,44277344
CL-004,동양공조기전,2025-05,182,71231863
CL-004,동양공조기전,2025-06,185,71034007
CL-004,동양공조기전,2025-07,182,72660572
CL-004,동양공조기전,2025-08,138,48772804
CL-004,동양공조기전,2025-09,111,44661306
CL-004,동양공조기전,2025-10,84,30022738
CL-004,동양공조기전,2025-11,73,31336011
CL-004,동양공조기전,2025-12,54,14678131
CL-004,동양공조기전,2026-01,59,25529468
CL-004,동양공조기전,2026-02,59,25645575
CL-004,동양공조기전,2026-03,97,38637570
CL-004,동양공조기전,2026-04,190,70007715
CL-004,동양공조기전,2026-05,230,102087359
CL-004,동양공조기전,2026-06,266,114331365
CL-005,미래엔지니어링,2024-07,165,62875973
CL-005,미래엔지니어링,2024-08,152,63133218
CL-005,미래엔지니어링,2024-09,87,36921684
CL-005,미래엔지니어링,2024-10,76,29959180
CL-005,미래엔지니어링,2024-11,51,19000144
CL-005,미래엔지니어링,2024-12,56,25488079
CL-005,미래엔지니어링,2025-01,42,18919530
CL-005,미래엔지니어링,2025-02,56,25618472
CL-005,미래엔지니어링,2025-03,92,40977138
CL-005,미래엔지니어링,2025-04,116,50230770
CL-005,미래엔지니어링,2025-05,123,48692591
CL-005,미래엔지니어링,2025-06,166,67718311
CL-005,미래엔지니어링,2025-07,199,79213587
CL-005,미래엔지니어링,2025-08,119,45149414
CL-005,미래엔지니어링,2025-09,101,40698075
CL-005,미래엔지니어링,2025-10,87,36291392
CL-005,미래엔지니어링,2025-11,60,23661068
CL-005,미래엔지니어링,2025-12,65,28697264
CL-005,미래엔지니어링,2026-01,49,20947592
CL-005,미래엔지니어링,2026-02,47,17391927
CL-005,미래엔지니어링,2026-03,86,35196336
CL-005,미래엔지니어링,2026-04,166,69276521
CL-005,미래엔지니어링,2026-05,184,81646072
CL-005,미래엔지니어링,2026-06,234,100959226
CL-006,삼화공조설비,2024-07,162,71749913
CL-006,삼화공조설비,2024-08,111,47363899
CL-006,삼화공조설비,2024-09,91,37811579
CL-006,삼화공조설비,2024-10,74,37304148
CL-006,삼화공조설비,2024-11,54,24915217
CL-006,삼화공조설비,2024-12,50,20833467
CL-006,삼화공조설비,2025-01,41,21826070
CL-006,삼화공조설비,2025-02,52,25627771
CL-006,삼화공조설비,2025-03,79,36233528
CL-006,삼화공조설비,2025-04,112,48698530
CL-006,삼화공조설비,2025-05,117,51542656
CL-006,삼화공조설비,2025-06,162,74790288
CL-006,삼화공조설비,2025-07,156,63974976
CL-006,삼화공조설비,2025-08,137,61648078
CL-006,삼화공조설비,2025-09,103,47914808
CL-006,삼화공조설비,2025-10,72,31408354
CL-006,삼화공조설비,2025-11,49,18906185
CL-006,삼화공조설비,2025-12,44,21332281
CL-006,삼화공조설비,2026-01,42,16799230
CL-006,삼화공조설비,2026-02,48,23066529
CL-006,삼화공조설비,2026-03,69,31495631
CL-006,삼화공조설비,2026-04,159,75645540
CL-006,삼화공조설비,2026-05,207,80123041
CL-006,삼화공조설비,2026-06,219,103751801
CL-007,서울시스템에어컨,2024-07,142,73731364
CL-007,서울시스템에어컨,2024-08,132,51950034
CL-007,서울시스템에어컨,2024-09,94,37229683
CL-007,서울시스템에어컨,2024-10,70,31090881
CL-007,서울시스템에어컨,2024-11,58,22568502
CL-007,서울시스템에어컨,2024-12,43,22057117
CL-007,서울시스템에어컨,2025-01,49,22244179
CL-007,서울시스템에어컨,2025-02,46,20463702
CL-007,서울시스템에어컨,2025-03,91,39476065
CL-007,서울시스템에어컨,2025-04,112,56717511
CL-007,서울시스템에어컨,2025-05,103,42834357
CL-007,서울시스템에어컨,2025-06,171,73117637
CL-007,서울시스템에어컨,2025-07,155,53648943
CL-007,서울시스템에어컨,2025-08,124,54199965
CL-007,서울시스템에어컨,2025-09,102,37539504
CL-007,서울시스템에어컨,2025-10,65,26719778
CL-007,서울시스템에어컨,2025-11,52,27053939
CL-007,서울시스템에어컨,2025-12,31,15043594
CL-007,서울시스템에어컨,2026-01,37,14842345
CL-007,서울시스템에어컨,2026-02,55,26003303
CL-007,서울시스템에어컨,2026-03,94,33271608
CL-007,서울시스템에어컨,2026-04,173,76498414
CL-007,서울시스템에어컨,2026-05,193,77122362
CL-007,서울시스템에어컨,2026-06,243,108037341
CL-008,성심설비,2024-07,165,72751932
CL-008,성심설비,2024-08,133,52245996
CL-008,성심설비,2024-09,106,37005942
CL-008,성심설비,2024-10,72,27801794
CL-008,성심설비,2024-11,56,20898486
CL-008,성심설비,2024-12,62,30442722
CL-008,성심설비,2025-01,45,20678796
CL-008,성심설비,2025-02,69,24577106
CL-008,성심설비,2025-03,81,31661325
CL-008,성심설비,2025-04,119,50317995
CL-008,성심설비,2025-05,135,52283158
CL-008,성심설비,2025-06,175,74170591
CL-008,성심설비,2025-07,159,67874587
CL-008,성심설비,2025-08,162,64507986
CL-008,성심설비,2025-09,84,31372270
CL-008,성심설비,2025-10,85,35919204
CL-008,성심설비,2025-11,63,31558624
CL-008,성심설비,2025-12,62,25255861
CL-008,성심설비,2026-01,50,18738778
CL-008,성심설비,2026-02,61,26645123
CL-008,성심설비,2026-03,97,38302763
CL-008,성심설비,2026-04,172,71332291
CL-008,성심설비,2026-05,183,85190684
CL-008,성심설비,2026-06,252,108099311
CL-009,우진HVAC,2024-07,173,64408421
CL-009,우진HVAC,2024-08,157,77333541
CL-009,우진HVAC,2024-09,93,34184637
CL-009,우진HVAC,2024-10,71,26848236
CL-009,우진HVAC,2024-11,50,18521018
CL-009,우진HVAC,2024-12,53,22346643
CL-009,우진HVAC,2025-01,47,18354349
CL-009,우진HVAC,2025-02,73,28104989
CL-009,우진HVAC,2025-03,98,41861972
CL-009,우진HVAC,2025-04,110,44118603
CL-009,우진HVAC,2025-05,137,54708167
CL-009,우진HVAC,2025-06,182,80901015
CL-009,우진HVAC,2025-07,185,72688811
CL-009,우진HVAC,2025-08,148,61296813
CL-009,우진HVAC,2025-09,92,47060513
CL-009,우진HVAC,2025-10,77,31724915
CL-009,우진HVAC,2025-11,59,24668137
CL-009,우진HVAC,2025-12,57,26871378
CL-009,우진HVAC,2026-01,37,17204592
CL-009,우진HVAC,2026-02,54,27539782
CL-009,우진HVAC,2026-03,85,33928888
CL-009,우진HVAC,2026-04,175,73144412
CL-009,우진HVAC,2026-05,212,87070993
CL-009,우진HVAC,2026-06,262,102072627
CL-010,정우설비산업,2024-07,179,64332760
CL-010,정우설비산업,2024-08,142,50150021
CL-010,정우설비산업,2024-09,95,36418005
CL-010,정우설비산업,2024-10,87,30410419
CL-010,정우설비산업,2024-11,52,24730748
CL-010,정우설비산업,2024-12,63,27414882
CL-010,정우설비산업,2025-01,48,20870606
CL-010,정우설비산업,2025-02,38,17483161
CL-010,정우설비산업,2025-03,74,31915717
CL-010,정우설비산업,2025-04,106,41212159
CL-010,정우설비산업,2025-05,142,65215687
CL-010,정우설비산업,2025-06,172,68927703
CL-010,정우설비산업,2025-07,157,56042641
CL-010,정우설비산업,2025-08,119,51339307
CL-010,정우설비산업,2025-09,86,33888710
CL-010,정우설비산업,2025-10,81,33656007
CL-010,정우설비산업,2025-11,60,18717777
CL-010,정우설비산업,2025-12,56,23515318
CL-010,정우설비산업,2026-01,47,16195881
CL-010,정우설비산업,2026-02,63,33520050
CL-010,정우설비산업,2026-03,114,46633609
CL-010,정우설비산업,2026-04,173,75825896
CL-010,정우설비산업,2026-05,185,80751105
CL-010,정우설비산업,2026-06,213,85637060
CL-011,제일냉난방,2024-07,170,73276054
CL-011,제일냉난방,2024-08,129,53305608
CL-011,제일냉난방,2024-09,100,49677691
CL-011,제일냉난방,2024-10,76,36386259
CL-011,제일냉난방,2024-11,50,25661244
CL-011,제일냉난방,2024-12,60,21541919
CL-011,제일냉난방,2025-01,50,24366982
CL-011,제일냉난방,2025-02,51,23588607
CL-011,제일냉난방,2025-03,92,39088257
CL-011,제일냉난방,2025-04,122,46683181
CL-011,제일냉난방,2025-05,147,65489844
CL-011,제일냉난방,2025-06,182,75893827
CL-011,제일냉난방,2025-07,161,71587894
CL-011,제일냉난방,2025-08,159,66259416
CL-011,제일냉난방,2025-09,109,42362011
CL-011,제일냉난방,2025-10,74,27292423
CL-011,제일냉난방,2025-11,54,25897409
CL-011,제일냉난방,2025-12,62,29037649
CL-011,제일냉난방,2026-01,41,18771826
CL-011,제일냉난방,2026-02,63,28476337
CL-011,제일냉난방,2026-03,71,32197555
CL-011,제일냉난방,2026-04,175,77666704
CL-011,제일냉난방,2026-05,204,87817513
CL-011,제일냉난방,2026-06,233,103833905
CL-012,코엔지니어링,2024-07,155,60269794
CL-012,코엔지니어링,2024-08,111,46321599
CL-012,코엔지니어링,2024-09,74,33126605
CL-012,코엔지니어링,2024-10,72,32152858
CL-012,코엔지니어링,2024-11,52,26053224
CL-012,코엔지니어링,2024-12,44,21462434
CL-012,코엔지니어링,2025-01,34,15017429
CL-012,코엔지니어링,2025-02,52,22407223
CL-012,코엔지니어링,2025-03,73,30388714
CL-012,코엔지니어링,2025-04,95,36277945
CL-012,코엔지니어링,2025-05,124,46910062
CL-012,코엔지니어링,2025-06,155,76764638
CL-012,코엔지니어링,2025-07,184,78650034
CL-012,코엔지니어링,2025-08,129,56837765
CL-012,코엔지니어링,2025-09,96,35632548
CL-012,코엔지니어링,2025-10,67,28281324
CL-012,코엔지니어링,2025-11,68,27462842
CL-012,코엔지니어링,2025-12,58,31781141
CL-012,코엔지니어링,2026-01,34,14255572
CL-012,코엔지니어링,2026-02,60,29026437
CL-012,코엔지니어링,2026-03,100,40532634
CL-012,코엔지니어링,2026-04,151,75429737
CL-012,코엔지니어링,2026-05,178,84842792
CL-012,코엔지니어링,2026-06,214,93336535
CL-013,태평양냉난방,2024-07,141,61266601
CL-013,태평양냉난방,2024-08,116,50832719
CL-013,태평양냉난방,2024-09,90,34928329
CL-013,태평양냉난방,2024-10,77,35175285
CL-013,태평양냉난방,2024-11,46,17754667
CL-013,태평양냉난방,2024-12,51,18813255
CL-013,태평양냉난방,2025-01,48,20382806
CL-013,태평양냉난방,2025-02,54,26961186
CL-013,태평양냉난방,2025-03,69,34118932
CL-013,태평양냉난방,2025-04,91,39635760
CL-013,태평양냉난방,2025-05,140,55570300
CL-013,태평양냉난방,2025-06,151,63719587
CL-013,태평양냉난방,2025-07,157,75591954
CL-013,태평양냉난방,2025-08,111,43494195
CL-013,태평양냉난방,2025-09,76,31910169
CL-013,태평양냉난방,2025-10,69,25284964
CL-013,태평양냉난방,2025-11,45,18803702
CL-013,태평양냉난방,2025-12,59,28704660
CL-013,태평양냉난방,2026-01,45,23874800
CL-013,태평양냉난방,2026-02,46,20360380
CL-013,태평양냉난방,2026-03,86,42329325
CL-013,태평양냉난방,2026-04,152,74624834
CL-013,태평양냉난방,2026-05,172,75635868
CL-013,태평양냉난방,2026-06,212,107239888
CL-014,하나공조상사,2024-07,168,66533930
CL-014,하나공조상사,2024-08,139,45094979
CL-014,하나공조상사,2024-09,103,43933625
CL-014,하나공조상사,2024-10,80,30368516
CL-014,하나공조상사,2024-11,57,24199502
CL-014,하나공조상사,2024-12,57,21560479
CL-014,하나공조상사,2025-01,46,22129035
CL-014,하나공조상사,2025-02,68,26250679
CL-014,하나공조상사,2025-03,93,31776448
CL-014,하나공조상사,2025-04,127,56262853
CL-014,하나공조상사,2025-05,144,55145027
CL-014,하나공조상사,2025-06,188,76277490
CL-014,하나공조상사,2025-07,176,66949063
CL-014,하나공조상사,2025-08,126,56526508
CL-014,하나공조상사,2025-09,91,34181562
CL-014,하나공조상사,2025-10,83,35697215
CL-014,하나공조상사,2025-11,65,30641468
CL-014,하나공조상사,2025-12,59,26258331
CL-014,하나공조상사,2026-01,52,22529831
CL-014,하나공조상사,2026-02,58,25041037
CL-014,하나공조상사,2026-03,105,43702127
CL-014,하나공조상사,2026-04,193,99037672
CL-014,하나공조상사,2026-05,197,77337613
CL-014,하나공조상사,2026-06,232,91165998
CL-015,한일에어시스템,2024-07,138,49196621
CL-015,한일에어시스템,2024-08,136,50983322
CL-015,한일에어시스템,2024-09,95,36557239
CL-015,한일에어시스템,2024-10,86,36692440
CL-015,한일에어시스템,2024-11,72,32230008
CL-015,한일에어시스템,2024-12,57,23817731
CL-015,한일에어시스템,2025-01,54,22161189
CL-015,한일에어시스템,2025-02,67,34626536
CL-015,한일에어시스템,2025-03,92,43856373
CL-015,한일에어시스템,2025-04,94,41654939
CL-015,한일에어시스템,2025-05,135,46711605
CL-015,한일에어시스템,2025-06,211,86312450
CL-015,한일에어시스템,2025-07,169,67390754
CL-015,한일에어시스템,2025-08,129,50542085
CL-015,한일에어시스템,2025-09,102,41880691
CL-015,한일에어시스템,2025-10,76,30003821
CL-015,한일에어시스템,2025-11,66,24766994
CL-015,한일에어시스템,2025-12,49,17731182
CL-015,한일에어시스템,2026-01,59,24576898
CL-015,한일에어시스템,2026-02,62,32586830
CL-015,한일에어시스템,2026-03,84,34756951
CL-015,한일에어시스템,2026-04,151,61353463
CL-015,한일에어시스템,2026-05,201,83693610
CL-015,한일에어시스템,2026-06,253,116554619
CL-016,신성설치,2024-07,176,74596003
CL-016,신성설치,2024-08,133,61615031
CL-016,신성설치,2024-09,89,42579107
CL-016,신성설치,2024-10,75,29724624
CL-016,신성설치,2024-11,44,21382118
CL-016,신성설치,2024-12,57,26216599
CL-016,신성설치,2025-01,59,21922887
CL-016,신성설치,2025-02,49,22887428
CL-016,신성설치,2025-03,81,33647275
CL-016,신성설치,2025-04,103,47852268
CL-016,신성설치,2025-05,144,56244708
CL-016,신성설치,2025-06,162,73694125
CL-016,신성설치,2025-07,152,63361690
CL-016,신성설치,2025-08,137,59003378
CL-016,신성설치,2025-09,106,39520023
CL-016,신성설치,2025-10,71,30619605
CL-016,신성설치,2025-11,64,28026064
CL-016,신성설치,2025-12,51,25107523
CL-016,신성설치,2026-01,41,18979123
CL-016,신성설치,2026-02,58,26201107
CL-016,신성설치,2026-03,86,37386338
CL-016,신성설치,2026-04,77,28132536
CL-016,신성설치,2026-05,110,45080391
CL-016,신성설치,2026-06,157,59964304
CL-017,대륙에어컨,2024-07,168,67301106
CL-017,대륙에어컨,2024-08,161,67128834
CL-017,대륙에어컨,2024-09,108,49829217
CL-017,대륙에어컨,2024-10,77,30002476
CL-017,대륙에어컨,2024-11,50,20847118
CL-017,대륙에어컨,2024-12,47,19827362
CL-017,대륙에어컨,2025-01,61,23180162
CL-017,대륙에어컨,2025-02,61,23937142
CL-017,대륙에어컨,2025-03,86,38381895
CL-017,대륙에어컨,2025-04,107,47147045
CL-017,대륙에어컨,2025-05,130,58207688
CL-017,대륙에어컨,2025-06,185,73507401
CL-017,대륙에어컨,2025-07,149,64459900
CL-017,대륙에어컨,2025-08,142,62179020
CL-017,대륙에어컨,2025-09,85,32008958
CL-017,대륙에어컨,2025-10,76,33675947
CL-017,대륙에어컨,2025-11,56,24716096
CL-017,대륙에어컨,2025-12,51,24686016
CL-017,대륙에어컨,2026-01,46,22595795
CL-017,대륙에어컨,2026-02,55,22235291
CL-017,대륙에어컨,2026-03,77,29597490
CL-017,대륙에어컨,2026-04,86,30486912
CL-017,대륙에어컨,2026-05,115,52090097
CL-017,대륙에어컨,2026-06,143,59485081
CL-018,미림설치,2024-07,214,88951377
CL-018,미림설치,2024-08,148,62359743
CL-018,미림설치,2024-09,104,35747352
CL-018,미림설치,2024-10,91,36474351
CL-018,미림설치,2024-11,68,31329526
CL-018,미림설치,2024-12,47,16629916
CL-018,미림설치,2025-01,45,15537716
CL-018,미림설치,2025-02,62,24645302
CL-018,미림설치,2025-03,100,43607040
CL-018,미림설치,2025-04,111,51260945
CL-018,미림설치,2025-05,126,48746750
CL-018,미림설치,2025-06,202,81153534
CL-018,미림설치,2025-07,149,59628190
CL-018,미림설치,2025-08,162,76155274
CL-018,미림설치,2025-09,107,51360141
CL-018,미림설치,2025-10,81,33727673
CL-018,미림설치,2025-11,55,31633614
CL-018,미림설치,2025-12,51,23798837
CL-018,미림설치,2026-01,36,17297574
CL-018,미림설치,2026-02,61,26544897
CL-018,미림설치,2026-03,103,47495430
CL-018,미림설치,2026-04,80,31401903
CL-018,미림설치,2026-05,93,32672047
CL-018,미림설치,2026-06,139,63002057
CL-019,청호설비,2024-07,158,70324649
CL-019,청호설비,2024-08,117,52237363
CL-019,청호설비,2024-09,101,41886597
CL-019,청호설비,2024-10,84,29571491
CL-019,청호설비,2024-11,46,18249721
CL-019,청호설비,2024-12,52,20237429
CL-019,청호설비,2025-01,47,21028919
CL-019,청호설비,2025-02,69,31793047
CL-019,청호설비,2025-03,76,26550980
CL-019,청호설비,2025-04,101,40865820
CL-019,청호설비,2025-05,150,65546499
CL-019,청호설비,2025-06,174,80502780
CL-019,청호설비,2025-07,163,66310610
CL-019,청호설비,2025-08,145,57082769
CL-019,청호설비,2025-09,103,52745120
CL-019,청호설비,2025-10,74,27825309
CL-019,청호설비,2025-11,52,26915357
CL-019,청호설비,2025-12,48,28765196
CL-019,청호설비,2026-01,50,20741271
CL-019,청호설비,2026-02,60,26995060
CL-019,청호설비,2026-03,73,32276197
CL-019,청호설비,2026-04,79,36112825
CL-019,청호설비,2026-05,86,32027720
CL-019,청호설비,2026-06,153,70663247
CL-020,온누리에어컨,2024-07,134,62117571
CL-020,온누리에어컨,2024-08,130,48565671
CL-020,온누리에어컨,2024-09,96,37502468
CL-020,온누리에어컨,2024-10,76,35161125
CL-020,온누리에어컨,2024-11,62,29181956
CL-020,온누리에어컨,2024-12,57,23482509
CL-020,온누리에어컨,2025-01,30,13904755
CL-020,온누리에어컨,2025-02,52,19462359
CL-020,온누리에어컨,2025-03,85,46756399
CL-020,온누리에어컨,2025-04,121,48212210
CL-020,온누리에어컨,2025-05,119,50868827
CL-020,온누리에어컨,2025-06,183,81275703
CL-020,온누리에어컨,2025-07,170,70927253
CL-020,온누리에어컨,2025-08,101,36849668
CL-020,온누리에어컨,2025-09,117,53509594
CL-020,온누리에어컨,2025-10,72,33898730
CL-020,온누리에어컨,2025-11,51,27506656
CL-020,온누리에어컨,2025-12,46,25609783
CL-020,온누리에어컨,2026-01,61,33349788
CL-020,온누리에어컨,2026-02,56,23839967
CL-020,온누리에어컨,2026-03,76,36835166
CL-020,온누리에어컨,2026-04,65,26001223
CL-020,온누리에어컨,2026-05,86,35002837
CL-020,온누리에어컨,2026-06,141,60738771
CL-021,한빛설치,2024-07,166,71591254
CL-021,한빛설치,2024-08,153,62517902
CL-021,한빛설치,2024-09,122,61911281
CL-021,한빛설치,2024-10,74,27599004
CL-021,한빛설치,2024-11,54,26692470
CL-021,한빛설치,2024-12,65,30099076
CL-021,한빛설치,2025-01,59,29674214
CL-021,한빛설치,2025-02,55,24012291
CL-021,한빛설치,2025-03,85,33790649
CL-021,한빛설치,2025-04,112,52944355
CL-021,한빛설치,2025-05,149,58175000
CL-021,한빛설치,2025-06,187,92166307
CL-021,한빛설치,2025-07,203,74467413
CL-021,한빛설치,2025-08,157,76293254
CL-021,한빛설치,2025-09,104,45553596
CL-021,한빛설치,2025-10,86,34505605
CL-021,한빛설치,2025-11,58,25559934
CL-021,한빛설치,2025-12,65,33237192
CL-021,한빛설치,2026-01,46,18936895
CL-021,한빛설치,2026-02,62,23887848
CL-021,한빛설치,2026-03,97,40556994
CL-021,한빛설치,2026-04,79,28948857
CL-021,한빛설치,2026-05,118,48470287
CL-021,한빛설치,2026-06,159,68751809
CL-022,진성설비,2024-07,187,78488670
CL-022,진성설비,2024-08,142,60709971
CL-022,진성설비,2024-09,111,40397212
CL-022,진성설비,2024-10,92,41745602
CL-022,진성설비,2024-11,67,30416248
CL-022,진성설비,2024-12,48,19647747
CL-022,진성설비,2025-01,55,21263369
CL-022,진성설비,2025-02,62,24423445
CL-022,진성설비,2025-03,105,40918082
CL-022,진성설비,2025-04,151,61866600
CL-022,진성설비,2025-05,149,57620817
CL-022,진성설비,2025-06,211,85818236
CL-022,진성설비,2025-07,210,79604823
CL-022,진성설비,2025-08,150,58674768
CL-022,진성설비,2025-09,106,49643006
CL-022,진성설비,2025-10,81,31184759
CL-022,진성설비,2025-11,66,26452002
CL-022,진성설비,2025-12,58,16849303
CL-022,진성설비,2026-01,61,22756635
CL-022,진성설비,2026-02,68,28495974
CL-022,진성설비,2026-03,108,43906902
CL-022,진성설비,2026-04,76,28458584
CL-022,진성설비,2026-05,114,45527899
CL-022,진성설비,2026-06,145,59762609
CL-023,유니온에어컨,2024-07,208,76310471
CL-023,유니온에어컨,2024-08,132,58535747
CL-023,유니온에어컨,2024-09,119,51539165
CL-023,유니온에어컨,2024-10,99,36175034
CL-023,유니온에어컨,2024-11,67,26411478
CL-023,유니온에어컨,2024-12,55,21195200
CL-023,유니온에어컨,2025-01,60,24036562
CL-023,유니온에어컨,2025-02,76,29770025
CL-023,유니온에어컨,2025-03,110,50874184
CL-023,유니온에어컨,2025-04,121,45078411
CL-023,유니온에어컨,2025-05,132,50640154
CL-023,유니온에어컨,2025-06,182,83736042
CL-023,유니온에어컨,2025-07,175,71963024
CL-023,유니온에어컨,2025-08,146,58048322
CL-023,유니온에어컨,2025-09,113,52159987
CL-023,유니온에어컨,2025-10,97,41936277
CL-023,유니온에어컨,2025-11,72,35069873
CL-023,유니온에어컨,2025-12,71,33297780
CL-023,유니온에어컨,2026-01,55,33990344
CL-023,유니온에어컨,2026-02,78,35462023
CL-023,유니온에어컨,2026-03,78,32816995
CL-023,유니온에어컨,2026-04,90,40190727
CL-023,유니온에어컨,2026-05,110,46517483
CL-023,유니온에어컨,2026-06,137,56275133
CL-024,대영설치,2024-07,171,64931878
CL-024,대영설치,2024-08,129,56201500
CL-024,대영설치,2024-09,98,43929226
CL-024,대영설치,2024-10,85,38455463
CL-024,대영설치,2024-11,72,32582897
CL-024,대영설치,2024-12,70,32623673
CL-024,대영설치,2025-01,54,23899082
CL-024,대영설치,2025-02,57,22802545
CL-024,대영설치,2025-03,97,41243511
CL-024,대영설치,2025-04,125,46955415
CL-024,대영설치,2025-05,148,55393177
CL-024,대영설치,2025-06,196,88994773
CL-024,대영설치,2025-07,188,75748848
CL-024,대영설치,2025-08,169,69555566
CL-024,대영설치,2025-09,122,51714787
CL-024,대영설치,2025-10,88,44483260
CL-024,대영설치,2025-11,66,23875667
CL-024,대영설치,2025-12,51,29143738
CL-024,대영설치,2026-01,52,31719760
CL-024,대영설치,2026-02,55,28573046
CL-024,대영설치,2026-03,86,37219971
CL-024,대영설치,2026-04,107,42899145
CL-024,대영설치,2026-05,114,51258853
CL-024,대영설치,2026-06,139,54206285
CL-025,백두설비,2024-07,162,68735726
CL-025,백두설비,2024-08,124,43999730
CL-025,백두설비,2024-09,85,33758363
CL-025,백두설비,2024-10,75,32141305
CL-025,백두설비,2024-11,52,23152812
CL-025,백두설비,2024-12,45,17768205
CL-025,백두설비,2025-01,47,20733596
CL-025,백두설비,2025-02,79,27361655
CL-025,백두설비,2025-03,88,34018932
CL-025,백두설비,2025-04,125,51199941
CL-025,백두설비,2025-05,129,49894287
CL-025,백두설비,2025-06,186,77414759
CL-025,백두설비,2025-07,148,61681881
CL-025,백두설비,2025-08,138,62706498
CL-025,백두설비,2025-09,92,38313965
CL-025,백두설비,2025-10,78,30717166
CL-025,백두설비,2025-11,70,32627684
CL-025,백두설비,2025-12,38,14394731
CL-025,백두설비,2026-01,52,24229929
CL-025,백두설비,2026-02,52,21688620
CL-025,백두설비,2026-03,80,31097711
CL-025,백두설비,2026-04,73,33843254
CL-025,백두설비,2026-05,95,36511869
CL-025,백두설비,2026-06,121,48911530
CL-026,파인에어컨,2024-07,128,53974840
CL-026,파인에어컨,2024-08,136,61028598
CL-026,파인에어컨,2024-09,86,35205351
CL-026,파인에어컨,2024-10,81,35070193
CL-026,파인에어컨,2024-11,48,21407514
CL-026,파인에어컨,2024-12,49,20164922
CL-026,파인에어컨,2025-01,46,18412107
CL-026,파인에어컨,2025-02,56,30897262
CL-026,파인에어컨,2025-03,85,30886356
CL-026,파인에어컨,2025-04,97,39926733
CL-026,파인에어컨,2025-05,129,52501796
CL-026,파인에어컨,2025-06,161,64345277
CL-026,파인에어컨,2025-07,153,67075191
CL-026,파인에어컨,2025-08,127,53226938
CL-026,파인에어컨,2025-09,92,35611549
CL-026,파인에어컨,2025-10,71,30083110
CL-026,파인에어컨,2025-11,40,15661562
CL-026,파인에어컨,2025-12,57,21134917
CL-026,파인에어컨,2026-01,37,20094026
CL-026,파인에어컨,2026-02,52,27211471
CL-026,파인에어컨,2026-03,94,37550345
CL-026,파인에어컨,2026-04,63,29317123
CL-026,파인에어컨,2026-05,106,39649821
CL-026,파인에어컨,2026-06,142,59857381
CL-027,동서설치,2024-07,175,67171269
CL-027,동서설치,2024-08,152,64388992
CL-027,동서설치,2024-09,110,46516110
CL-027,동서설치,2024-10,99,39663484
CL-027,동서설치,2024-11,72,28945787
CL-027,동서설치,2024-12,69,34071799
CL-027,동서설치,2025-01,52,22164312
CL-027,동서설치,2025-02,73,31364042
CL-027,동서설치,2025-03,109,52538464
CL-027,동서설치,2025-04,130,57508431
CL-027,동서설치,2025-05,135,53180005
CL-027,동서설치,2025-06,183,85331852
CL-027,동서설치,2025-07,168,73466718
CL-027,동서설치,2025-08,141,52760586
CL-027,동서설치,2025-09,107,38823903
CL-027,동서설치,2025-10,84,38158724
CL-027,동서설치,2025-11,45,19038869
CL-027,동서설치,2025-12,61,26703439
CL-027,동서설치,2026-01,63,28632967
CL-027,동서설치,2026-02,70,29100823
CL-027,동서설치,2026-03,103,44315133
CL-027,동서설치,2026-04,88,37138694
CL-027,동서설치,2026-05,111,45003839
CL-027,동서설치,2026-06,138,62929112
CL-028,명성설비,2024-07,186,69844628
CL-028,명성설비,2024-08,151,65176877
CL-028,명성설비,2024-09,88,41598954
CL-028,명성설비,2024-10,77,34559481
CL-028,명성설비,2024-11,70,30950641
CL-028,명성설비,2024-12,61,25017911
CL-028,명성설비,2025-01,43,15779606
CL-028,명성설비,2025-02,71,34402557
CL-028,명성설비,2025-03,103,46962762
CL-028,명성설비,2025-04,133,48671926
CL-028,명성설비,2025-05,160,62916600
CL-028,명성설비,2025-06,169,72045031
CL-028,명성설비,2025-07,176,69293585
CL-028,명성설비,2025-08,161,60771968
CL-028,명성설비,2025-09,105,39816338
CL-028,명성설비,2025-10,93,41718910
CL-028,명성설비,2025-11,53,24072563
CL-028,명성설비,2025-12,61,18498383
CL-028,명성설비,2026-01,59,28306502
CL-028,명성설비,2026-02,70,37932080
CL-028,명성설비,2026-03,100,36510728
CL-028,명성설비,2026-04,82,39289763
CL-028,명성설비,2026-05,118,46118468
CL-028,명성설비,2026-06,155,62812118
CL-029,이든에어컨,2024-07,164,80057378
CL-029,이든에어컨,2024-08,142,54227608
CL-029,이든에어컨,2024-09,88,42160886
CL-029,이든에어컨,2024-10,65,27169582
CL-029,이든에어컨,2024-11,61,25236773
CL-029,이든에어컨,2024-12,49,20997316
CL-029,이든에어컨,2025-01,51,20906292
CL-029,이든에어컨,2025-02,50,24206475
CL-029,이든에어컨,2025-03,68,29869614
CL-029,이든에어컨,2025-04,94,42787168
CL-029,이든에어컨,2025-05,122,51889283
CL-029,이든에어컨,2025-06,161,70001609
CL-029,이든에어컨,2025-07,157,78489175
CL-029,이든에어컨,2025-08,133,49190657
CL-029,이든에어컨,2025-09,79,32068234
CL-029,이든에어컨,2025-10,83,38256498
CL-029,이든에어컨,2025-11,48,20479268
CL-029,이든에어컨,2025-12,44,19052004
CL-029,이든에어컨,2026-01,47,24796222
CL-029,이든에어컨,2026-02,49,30375765
CL-029,이든에어컨,2026-03,77,37530692
CL-029,이든에어컨,2026-04,82,32182809
CL-029,이든에어컨,2026-05,93,40984791
CL-029,이든에어컨,2026-06,112,46652773
CL-030,창조설치,2024-07,190,65324286
CL-030,창조설치,2024-08,141,57139287
CL-030,창조설치,2024-09,113,47835776
CL-030,창조설치,2024-10,88,39469364
CL-030,창조설치,2024-11,73,31576617
CL-030,창조설치,2024-12,53,22734011
CL-030,창조설치,2025-01,58,20680727
CL-030,창조설치,2025-02,62,28377911
CL-030,창조설치,2025-03,91,36196949
CL-030,창조설치,2025-04,114,49766386
CL-030,창조설치,2025-05,148,57158970
CL-030,창조설치,2025-06,201,81472017
CL-030,창조설치,2025-07,168,71373527
CL-030,창조설치,2025-08,155,56106667
CL-030,창조설치,2025-09,91,40138071
CL-030,창조설치,2025-10,84,31940726
CL-030,창조설치,2025-11,71,28663532
CL-030,창조설치,2025-12,69,26335877
CL-030,창조설치,2026-01,61,25708424
CL-030,창조설치,2026-02,71,37507005
CL-030,창조설치,2026-03,119,51413066
CL-030,창조설치,2026-04,79,29062111
CL-030,창조설치,2026-05,109,46040849
CL-030,창조설치,2026-06,174,61169475
CL-031,세종설비,2024-07,171,68626064
CL-031,세종설비,2024-08,147,61063863
CL-031,세종설비,2024-09,102,48316445
CL-031,세종설비,2024-10,84,39207050
CL-031,세종설비,2024-11,66,24583190
CL-031,세종설비,2024-12,64,32778478
CL-031,세종설비,2025-01,49,21695151
CL-031,세종설비,2025-02,55,27067864
CL-031,세종설비,2025-03,83,34693176
CL-031,세종설비,2025-04,105,45929191
CL-031,세종설비,2025-05,149,60426956
CL-031,세종설비,2025-06,148,63695042
CL-031,세종설비,2025-07,153,57875754
CL-031,세종설비,2025-08,128,52623058
CL-031,세종설비,2025-09,110,52065639
CL-031,세종설비,2025-10,83,33274988
CL-031,세종설비,2025-11,55,22011518
CL-031,세종설비,2025-12,51,15831102
CL-031,세종설비,2026-01,57,26980528
CL-031,세종설비,2026-02,59,21727761
CL-031,세종설비,2026-03,69,35415156
CL-031,세종설비,2026-04,79,40174752
CL-031,세종설비,2026-05,91,35352768
CL-031,세종설비,2026-06,155,64687467
CL-032,다온에어컨,2024-07,185,71535716
CL-032,다온에어컨,2024-08,156,62192363
CL-032,다온에어컨,2024-09,110,38906218
CL-032,다온에어컨,2024-10,83,30396819
CL-032,다온에어컨,2024-11,79,33555657
CL-032,다온에어컨,2024-12,56,20533578
CL-032,다온에어컨,2025-01,47,17485357
CL-032,다온에어컨,2025-02,69,27530406
CL-032,다온에어컨,2025-03,86,33203906
CL-032,다온에어컨,2025-04,131,49221531
CL-032,다온에어컨,2025-05,164,64185564
CL-032,다온에어컨,2025-06,162,65325003
CL-032,다온에어컨,2025-07,190,74617076
CL-032,다온에어컨,2025-08,165,61976461
CL-032,다온에어컨,2025-09,127,54692941
CL-032,다온에어컨,2025-10,73,30196136
CL-032,다온에어컨,2025-11,68,23071160
CL-032,다온에어컨,2025-12,61,26875360
CL-032,다온에어컨,2026-01,53,23645116
CL-032,다온에어컨,2026-02,73,39261913
CL-032,다온에어컨,2026-03,92,40340748
CL-032,다온에어컨,2026-04,99,37522908
CL-032,다온에어컨,2026-05,110,44864796
CL-032,다온에어컨,2026-06,148,57451982
CL-033,우성건설 기전팀,2024-07,180,64703661
CL-033,우성건설 기전팀,2024-08,147,64349229
CL-033,우성건설 기전팀,2024-09,93,33899744
CL-033,우성건설 기전팀,2024-10,74,25728186
CL-033,우성건설 기전팀,2024-11,53,19295493
CL-033,우성건설 기전팀,2024-12,37,13401632
CL-033,우성건설 기전팀,2025-01,38,14658655
CL-033,우성건설 기전팀,2025-02,56,23368316
CL-033,우성건설 기전팀,2025-03,83,28361927
CL-033,우성건설 기전팀,2025-04,101,42804753
CL-033,우성건설 기전팀,2025-05,128,46439432
CL-033,우성건설 기전팀,2025-06,172,67014669
CL-033,우성건설 기전팀,2025-07,152,57391308
CL-033,우성건설 기전팀,2025-08,115,46498106
CL-033,우성건설 기전팀,2025-09,110,45351332
CL-033,우성건설 기전팀,2025-10,79,32605219
CL-033,우성건설 기전팀,2025-11,56,25799172
CL-033,우성건설 기전팀,2025-12,50,19968976
CL-033,우성건설 기전팀,2026-01,49,18176755
CL-033,우성건설 기전팀,2026-02,50,25644734
CL-033,우성건설 기전팀,2026-03,66,30790514
CL-033,우성건설 기전팀,2026-04,67,21389166
CL-033,우성건설 기전팀,2026-05,98,42321301
CL-033,우성건설 기전팀,2026-06,127,49945469
CL-034,한양건설 설비팀,2024-07,162,58808139
CL-034,한양건설 설비팀,2024-08,137,56679981
CL-034,한양건설 설비팀,2024-09,94,41093053
CL-034,한양건설 설비팀,2024-10,58,22778024
CL-034,한양건설 설비팀,2024-11,71,34161533
CL-034,한양건설 설비팀,2024-12,50,17329992
CL-034,한양건설 설비팀,2025-01,51,21909767
CL-034,한양건설 설비팀,2025-02,52,20918872
CL-034,한양건설 설비팀,2025-03,87,35458751
CL-034,한양건설 설비팀,2025-04,109,45964630
CL-034,한양건설 설비팀,2025-05,132,54866154
CL-034,한양건설 설비팀,2025-06,174,69417585
CL-034,한양건설 설비팀,2025-07,170,72246061
CL-034,한양건설 설비팀,2025-08,123,51968517
CL-034,한양건설 설비팀,2025-09,75,28950827
CL-034,한양건설 설비팀,2025-10,69,29781460
CL-034,한양건설 설비팀,2025-11,50,22884602
CL-034,한양건설 설비팀,2025-12,58,25542944
CL-034,한양건설 설비팀,2026-01,40,18449815
CL-034,한양건설 설비팀,2026-02,66,25432762
CL-034,한양건설 설비팀,2026-03,80,41655599
CL-034,한양건설 설비팀,2026-04,74,35465891
CL-034,한양건설 설비팀,2026-05,111,46607392
CL-034,한양건설 설비팀,2026-06,155,57335632
CL-035,대성엔지니어링,2024-07,183,74468102
CL-035,대성엔지니어링,2024-08,139,52840312
CL-035,대성엔지니어링,2024-09,124,53767912
CL-035,대성엔지니어링,2024-10,92,45416951
CL-035,대성엔지니어링,2024-11,59,25194358
CL-035,대성엔지니어링,2024-12,55,19873359
CL-035,대성엔지니어링,2025-01,44,20183909
CL-035,대성엔지니어링,2025-02,60,21707142
CL-035,대성엔지니어링,2025-03,112,48461316
CL-035,대성엔지니어링,2025-04,119,54082315
CL-035,대성엔지니어링,2025-05,152,58118515
CL-035,대성엔지니어링,2025-06,208,92370226
CL-035,대성엔지니어링,2025-07,158,60188128
CL-035,대성엔지니어링,2025-08,144,51715120
CL-035,대성엔지니어링,2025-09,109,43706066
CL-035,대성엔지니어링,2025-10,84,32172220
CL-035,대성엔지니어링,2025-11,80,33203385
CL-035,대성엔지니어링,2025-12,67,25164643
CL-035,대성엔지니어링,2026-01,59,22780735
CL-035,대성엔지니어링,2026-02,69,25644235
CL-035,대성엔지니어링,2026-03,95,39884932
CL-035,대성엔지니어링,2026-04,81,40157227
CL-035,대성엔지니어링,2026-05,107,36919379
CL-035,대성엔지니어링,2026-06,165,63603810
CL-036,유니텍엔지니어링,2024-07,171,65747020
CL-036,유니텍엔지니어링,2024-08,128,53635107
CL-036,유니텍엔지니어링,2024-09,91,40939187
CL-036,유니텍엔지니어링,2024-10,71,26031771
CL-036,유니텍엔지니어링,2024-11,53,18273088
CL-036,유니텍엔지니어링,2024-12,50,19920501
CL-036,유니텍엔지니어링,2025-01,54,22408607
CL-036,유니텍엔지니어링,2025-02,43,13097555
CL-036,유니텍엔지니어링,2025-03,84,35187573
CL-036,유니텍엔지니어링,2025-04,97,35604739
CL-036,유니텍엔지니어링,2025-05,158,67848813
CL-036,유니텍엔지니어링,2025-06,169,58213445
CL-036,유니텍엔지니어링,2025-07,163,67683170
CL-036,유니텍엔지니어링,2025-08,130,61316396
CL-036,유니텍엔지니어링,2025-09,100,43697294
CL-036,유니텍엔지니어링,2025-10,74,32297253
CL-036,유니텍엔지니어링,2025-11,63,29044144
CL-036,유니텍엔지니어링,2025-12,54,28552577
CL-036,유니텍엔지니어링,2026-01,52,24660213
CL-036,유니텍엔지니어링,2026-02,76,32637189
CL-036,유니텍엔지니어링,2026-03,98,38202981
CL-036,유니텍엔지니어링,2026-04,87,34694444
CL-036,유니텍엔지니어링,2026-05,100,39286463
CL-036,유니텍엔지니어링,2026-06,112,43486993
CL-037,신한엔지니어링,2024-07,148,56259470
CL-037,신한엔지니어링,2024-08,145,58167947
CL-037,신한엔지니어링,2024-09,99,38421874
CL-037,신한엔지니어링,2024-10,76,32983278
CL-037,신한엔지니어링,2024-11,66,27172970
CL-037,신한엔지니어링,2024-12,53,25698148
CL-037,신한엔지니어링,2025-01,54,21859058
CL-037,신한엔지니어링,2025-02,61,21924084
CL-037,신한엔지니어링,2025-03,86,40703368
CL-037,신한엔지니어링,2025-04,123,43962172
CL-037,신한엔지니어링,2025-05,146,64403871
CL-037,신한엔지니어링,2025-06,169,73541263
CL-037,신한엔지니어링,2025-07,164,65030125
CL-037,신한엔지니어링,2025-08,155,55082792
CL-037,신한엔지니어링,2025-09,97,34939968
CL-037,신한엔지니어링,2025-10,90,32253824
CL-037,신한엔지니어링,2025-11,62,25517548
CL-037,신한엔지니어링,2025-12,46,25160420
CL-037,신한엔지니어링,2026-01,51,24040425
CL-037,신한엔지니어링,2026-02,65,33002646
CL-037,신한엔지니어링,2026-03,86,37247173
CL-037,신한엔지니어링,2026-04,79,35643345
CL-037,신한엔지니어링,2026-05,99,39782549
CL-037,신한엔지니어링,2026-06,162,65692075
CL-038,동아설비상사,2024-07,164,61457590
CL-038,동아설비상사,2024-08,130,47288327
CL-038,동아설비상사,2024-09,101,39206905
CL-038,동아설비상사,2024-10,88,33373833
CL-038,동아설비상사,2024-11,63,26428006
CL-038,동아설비상사,2024-12,55,19040990
CL-038,동아설비상사,2025-01,46,17424064
CL-038,동아설비상사,2025-02,56,28790146
CL-038,동아설비상사,2025-03,89,33202941
CL-038,동아설비상사,2025-04,125,49453285
CL-038,동아설비상사,2025-05,131,49608384
CL-038,동아설비상사,2025-06,174,69327848
CL-038,동아설비상사,2025-07,174,67874295
CL-038,동아설비상사,2025-08,114,40240827
CL-038,동아설비상사,2025-09,76,28008710
CL-038,동아설비상사,2025-10,65,31042112
CL-038,동아설비상사,2025-11,58,23383177
CL-038,동아설비상사,2025-12,59,24338282
CL-038,동아설비상사,2026-01,59,30946253
CL-038,동아설비상사,2026-02,61,21914095
CL-038,동아설비상사,2026-03,97,37365701
CL-038,동아설비상사,2026-04,87,29410498
CL-038,동아설비상사,2026-05,93,36062412
CL-038,동아설비상사,2026-06,126,48625501
CL-039,한강유통산업,2024-07,190,66012059
CL-039,한강유통산업,2024-08,142,52524554
CL-039,한강유통산업,2024-09,112,52517127
CL-039,한강유통산업,2024-10,96,37499899
CL-039,한강유통산업,2024-11,65,28522154
CL-039,한강유통산업,2024-12,74,35460008
CL-039,한강유통산업,2025-01,43,17361842
CL-039,한강유통산업,2025-02,68,27210323
CL-039,한강유통산업,2025-03,103,39743171
CL-039,한강유통산업,2025-04,126,57365414
CL-039,한강유통산업,2025-05,162,65964824
CL-039,한강유통산업,2025-06,196,82556021
CL-039,한강유통산업,2025-07,190,78409480
CL-039,한강유통산업,2025-08,147,58277914
CL-039,한강유통산업,2025-09,103,46460032
CL-039,한강유통산업,2025-10,90,38219662
CL-039,한강유통산업,2025-11,78,34770740
CL-039,한강유통산업,2025-12,44,16714848
CL-039,한강유통산업,2026-01,50,25033771
CL-039,한강유통산업,2026-02,57,19032694
CL-039,한강유통산업,2026-03,91,43727853
CL-039,한강유통산업,2026-04,80,25832316
CL-039,한강유통산업,2026-05,99,41138756
CL-039,한강유통산업,2026-06,162,66614248
CL-040,대신설비산업,2024-07,175,66877879
CL-040,대신설비산업,2024-08,162,66502511
CL-040,대신설비산업,2024-09,121,42665605
CL-040,대신설비산업,2024-10,79,30270826
CL-040,대신설비산업,2024-11,75,35298647
CL-040,대신설비산업,2024-12,71,30850437
CL-040,대신설비산업,2025-01,72,23853930
CL-040,대신설비산업,2025-02,55,19951547
CL-040,대신설비산업,2025-03,105,38633199
CL-040,대신설비산업,2025-04,115,45583180
CL-040,대신설비산업,2025-05,161,63187161
CL-040,대신설비산업,2025-06,205,82626893
CL-040,대신설비산업,2025-07,156,62249079
CL-040,대신설비산업,2025-08,148,57143134
CL-040,대신설비산업,2025-09,96,35769671
CL-040,대신설비산업,2025-10,102,39021210
CL-040,대신설비산업,2025-11,55,21665055
CL-040,대신설비산업,2025-12,53,20449906
CL-040,대신설비산업,2026-01,46,21078095
CL-040,대신설비산업,2026-02,64,31956024
CL-040,대신설비산업,2026-03,97,45153793
CL-040,대신설비산업,2026-04,93,40504121
CL-040,대신설비산업,2026-05,121,52871256
CL-040,대신설비산업,2026-06,161,60606894
