rnum,platPlc,sigunguCd,bjdongCd,platGbCd,bun,ji,mgmBldrgstPk,mgmUpBldrgstPk,bldgId,regstrGbCd,regstrGbCdNm,regstrKindCd,regstrKindCdNm,newPlatPlc,bldNm,splotNm,block,lot,bylotCnt,naRoadCd,naBjdongCd,naUgrndCd,naMainBun,naSubBun,jiyukCd,jiguCd,guyukCd,jiyukCdNm,jiguCdNm,guyukCdNm,crtnDay
1,경기도 성남시 분당구 백현동 237번지,41135,11000,0,0237,0000,10891124356,0,2120041910007063,1,일반,2,일반건축물, , , , , ,0, , ,0,0,0, , , , , , ,20220909
2,경기도 성남시 분당구 백현동 241번지,41135,11000,0,0241,0000,10891124853,0,2120041910007073,1,일반,2,일반건축물, , , , , ,0, , ,0,0,0, , , , , , ,20220909
3,경기도 성남시 분당구 백현동 261번지,41135,11000,0,0261,0000,10891126748,0,2120041910007103,1,일반,2,일반건축물, , , , , ,0, , ,0,0,0, , , , , , ,20220909
4,경기도 성남시 분당구 백현동 298-24번지,41135,11000,0,0298,0024,10891123746,0,2120041910007154,1,일반,2,일반건축물, , , , , ,0, , ,0,0,0, , , , , , ,20220909
5,경기도 성남시 분당구 백현동 302-1번지,41135,11000,0,0302,0001,10891126856,0,2120041910007155,1,일반,2,일반건축물, , , , , ,0, , ,0,0,0,1020, , ,일반주거지역, , ,20220909
6,경기도 성남시 분당구 백현동 309번지,41135,11000,0,0309,0000,10891121893,0,2120041910007156,1,일반,2,일반건축물, , , , , ,0, , ,0,0,0, , , , , , ,20220909
7,경기도 성남시 분당구 백현동 327-5번지,41135,11000,0,0327,0005,10891124289,0,2120041910007157,1,일반,2,일반건축물, , , , , ,0, , ,0,0,0, , , , , , ,20220909
8,경기도 성남시 분당구 백현동 332번지,41135,11000,0,0332,0000,10891125594,0,2120041910007158,1,일반,2,일반건축물, , , , , ,3, , ,0,0,0, , , , , , ,20220909
9,경기도 성남시 분당구 백현동 359-1번지,41135,11000,0,0359,0001,1000000000000000159611,1000000000000002772765,2120221911920150,1,일반,2,일반건축물,경기도 성남시 분당구 대왕판교로 396 (백현동), , , , ,1,411353180005,11003,0,396,0,UQA410, ,UQQ300,보전녹지지역, ,지구단위계획구역,20231208
10,경기도 성남시 분당구 백현동 359-1번지,41135,11000,0,0359,0001,1000000000000002772766,1000000000000002772765,2120241914697133,1,일반,2,일반건축물,경기도 성남시 분당구 대왕판교로 396 (백현동), , , , ,1,411353180005,11003,0,396,0, , , , , , ,20240323
11,경기도 성남시 분당구 백현동 359-1번지,41135,11000,0,0359,0001,1000000000000002772765,0,2020231913928183,1,일반,1,총괄표제부,경기도 성남시 분당구 대왕판교로 392 (백현동), , , , ,1,411353180005,11003,0,392,0,UQA410, ,UQQ300,보전녹지지역, ,지구단위계획구역,20231208
12,경기도 성남시 분당구 백현동 366-7번지,41135,11000,0,0366,0007,10891100172034,0,2120071910000417,1,일반,2,일반건축물,경기도 성남시 분당구 대왕판교로385번길 7 (백현동), , , , ,0,411354340050,11001,0,7,0,1330, , ,자연녹지지역, , ,20220909
13,경기도 성남시 분당구 백현동 366-10번지,41135,11000,0,0366,0010,10891119235,10891100205894,2120041910007160,1,일반,2,일반건축물,경기도 성남시 분당구 대왕판교로 381 (백현동),분당로  주유소, , , ,0,411353180005,11003,0,381,0, , , , , , ,20220909
14,경기도 성남시 분당구 백현동 366-10번지,41135,11000,0,0366,0010,10891100205895,10891100205894,2120101910000057,1,일반,2,일반건축물,경기도 성남시 분당구 대왕판교로 381 (백현동),분당로  주유소, , , ,0,411353180005,11003,0,381,0, , , , , , ,20220909
15,경기도 성남시 분당구 백현동 366-10번지,41135,11000,0,0366,0010,10891100205894,0,2020101910000007,1,일반,1,총괄표제부, ,분당로  주유소, , , ,0, , ,0,0,0,UQA430, , ,자연녹지지역, , ,20220909
16,경기도 성남시 분당구 백현동 366-11번지,41135,11000,0,0366,0011,10891100334391,0,2120211910000002,1,일반,2,일반건축물,경기도 성남시 분당구 대왕판교로 379 (백현동), , , , ,0,411353180005,11003,0,379,0,UQA001,UNE412,ZQ0001,도시지역,비행안전제2구역(전술),중점경관관리구역,20220909
17,경기도 성남시 분당구 백현동 367-1번지,41135,11000,0,0367,0001,10891122136,0,2120041910007162,1,일반,2,일반건축물,경기도 성남시 분당구 대왕판교로 373 (백현동), , , , ,0,411353180005,11003,0,373,0,1310, , ,보전녹지지역, , ,20220909
18,경기도 성남시 분당구 백현동 367-2번지,41135,11000,0,0367,0002,10891126457,0,2120041910007163,1,일반,2,일반건축물,경기도 성남시 분당구 대왕판교로 377 (백현동), , , , ,0,411353180005,11003,0,377,0,1310, , ,보전녹지지역, , ,20240314
19,경기도 성남시 분당구 백현동 368번지,41135,11000,0,0368,0000,10891121532,10891118152,2120041910007165,1,일반,2,일반건축물,경기도 성남시 분당구 대왕판교로385번길 13 (백현동),한성자동차 백현동 정비공장, , , ,2,411354340050,11001,0,13,0, , , , , , ,20240314
20,경기도 성남시 분당구 백현동 368번지,41135,11000,0,0368,0000,10891121533,10891118152,2120041910007164,1,일반,2,일반건축물,경기도 성남시 분당구 대왕판교로385번길 13 (백현동),한성자동차 백현동 정비공장, , , ,2,411354340050,11001,0,13,0, , , , , , ,20240314
21,경기도 성남시 분당구 백현동 368번지,41135,11000,0,0368,0000,10891118152,0,2020041910000406,1,일반,1,총괄표제부,경기도 성남시 분당구 대왕판교로385번길 13 (백현동),한성자동차 백현동 정비공장, , , ,2,411354340050,11001,0,13,0,1330,011, ,자연녹지지역,자연취락지구, ,20240314
22,경기도 성남시 분당구 백현동 370번지,41135,11000,0,0370,0000,10891100352592,10891100352591,2220221910000507,2,집합,4,전유부,경기도 성남시 분당구 대왕판교로385번길 13-7 (백현동),isola, , , ,0,411354340050,11001,0,13,7, , , , , , ,20220909
23,경기도 성남시 분당구 백현동 370번지,41135,11000,0,0370,0000,10891100352594,10891100352591,2220221910000509,2,집합,4,전유부,경기도 성남시 분당구 대왕판교로385번길 13-7 (백현동),isola, , , ,0,411354340050,11001,0,13,7, , , , , , ,20220909
24,경기도 성남시 분당구 백현동 370번지,41135,11000,0,0370,0000,10891100352593,10891100352591,2220221910000508,2,집합,4,전유부,경기도 성남시 분당구 대왕판교로385번길 13-7 (백현동),isola, , , ,0,411354340050,11001,0,13,7, , , , , , ,20220909
25,경기도 성남시 분당구 백현동 370번지,41135,11000,0,0370,0000,10891100352595,10891100352591,2220221910000510,2,집합,4,전유부,경기도 성남시 분당구 대왕판교로385번길 13-7 (백현동),isola, , , ,0,411354340050,11001,0,13,7, , , , , , ,20220909
26,경기도 성남시 분당구 백현동 370번지,41135,11000,0,0370,0000,10891100352591,0,2120221910000110,2,집합,3,표제부,경기도 성남시 분당구 대왕판교로385번길 13-7 (백현동),isola, , , ,0,411354340050,11001,0,13,7,UQA001,UQM110,UNE412,도시지역,자연취락지구, ,20220909
27,경기도 성남시 분당구 백현동 370-2번지,41135,11000,0,0370,0002,10891100329323,0,2120201910000117,2,집합,3,표제부,경기도 성남시 분당구 대왕판교로385번길 13-9 (백현동),판교테라스힐1, , , ,0,411354340050,11001,0,13,9,UQA430,UQM110, ,자연녹지지역,자연취락지구, ,20230508
28,경기도 성남시 분당구 백현동 370-2번지,41135,11000,0,0370,0002,10891100329325,10891100329323,2220201910000505,2,집합,4,전유부,경기도 성남시 분당구 대왕판교로385번길 13-9 (백현동),판교테라스힐1, , , ,0,411354340050,11001,0,13,9, , , , , , ,20230508
29,경기도 성남시 분당구 백현동 370-2번지,41135,11000,0,0370,0002,10891100329324,10891100329323,2220201910000504,2,집합,4,전유부,경기도 성남시 분당구 대왕판교로385번길 13-9 (백현동),판교테라스힐1, , , ,0,411354340050,11001,0,13,9, , , , , , ,20230508
30,경기도 성남시 분당구 백현동 370-2번지,41135,11000,0,0370,0002,10891100329326,10891100329323,2220201910000506,2,집합,4,전유부,경기도 성남시 분당구 대왕판교로385번길 13-9 (백현동),판교테라스힐1, , , ,0,411354340050,11001,0,13,9, , , , , , ,20230508
31,경기도 성남시 분당구 백현동 370-2번지,41135,11000,0,0370,0002,10891100329328,10891100329323,2220201910000508,2,집합,4,전유부,경기도 성남시 분당구 대왕판교로385번길 13-9 (백현동),판교테라스힐1, , , ,0,411354340050,11001,0,13,9, , , , , , ,20230508
32,경기도 성남시 분당구 백현동 370-2번지,41135,11000,0,0370,0002,10891100329331,10891100329323,2220201910000511,2,집합,4,전유부,경기도 성남시 분당구 대왕판교로385번길 13-9 (백현동),판교테라스힐1, , , ,0,411354340050,11001,0,13,9, , , , , , ,20230508
33,경기도 성남시 분당구 백현동 370-2번지,41135,11000,0,0370,0002,10891100329330,10891100329323,2220201910000510,2,집합,4,전유부,경기도 성남시 분당구 대왕판교로385번길 13-9 (백현동),판교테라스힐1, , , ,0,411354340050,11001,0,13,9, , , , , , ,20230508
34,경기도 성남시 분당구 백현동 370-2번지,41135,11000,0,0370,0002,10891100329327,10891100329323,2220201910000507,2,집합,4,전유부,경기도 성남시 분당구 대왕판교로385번길 13-9 (백현동),판교테라스힐1, , , ,0,411354340050,11001,0,13,9, , , , , , ,20230508
35,경기도 성남시 분당구 백현동 370-2번지,41135,11000,0,0370,0002,10891100329329,10891100329323,2220201910000509,2,집합,4,전유부,경기도 성남시 분당구 대왕판교로385번길 13-9 (백현동),판교테라스힐1, , , ,0,411354340050,11001,0,13,9, , , , , , ,20230508
36,경기도 성남시 분당구 백현동 370-5번지,41135,11000,0,0370,0005,10891100172782,0,2120081910000021,1,일반,2,일반건축물,경기도 성남시 분당구 대왕판교로385번길 13-6 (백현동), , , , ,0,411354340050,11001,0,13,6,1330,011, ,자연녹지지역,자연취락지구, ,20220909
37,경기도 성남시 분당구 백현동 370-6번지,41135,11000,0,0370,0006,10891122655,0,2120041910007171,1,일반,2,일반건축물,경기도 성남시 분당구 대왕판교로385번길 13-8 (백현동), , , , ,0,411354340050,11001,0,13,8, , , , , , ,20220909
38,경기도 성남시 분당구 백현동 370-7번지,41135,11000,0,0370,0007,10891123887,0,2120041910007172,1,일반,2,일반건축물,경기도 성남시 분당구 대왕판교로385번길 13-10 (백현동), , , , ,0,411354340050,11001,0,13,10, , , , , , ,20220909
39,경기도 성남시 분당구 백현동 373번지,41135,11000,0,0373,0000,10891100216156,0,2120101910000962,1,일반,2,일반건축물,경기도 성남시 분당구 대왕판교로385번길 23 (백현동), , , , ,0,411354340050,11001,0,23,0,1310, , ,보전녹지지역, , ,20220909
40,경기도 성남시 분당구 백현동 373-1번지,41135,11000,0,0373,0001,10891100182282,10891100182279,2220081910005083,2,집합,4,전유부,경기도 성남시 분당구 대왕판교로385번길 13-4 (백현동),동양 라샹스, , , ,0,411354340050,11001,0,13,4, , , , , , ,20220909
41,경기도 성남시 분당구 백현동 373-1번지,41135,11000,0,0373,0001,10891100182284,10891100182279,2220081910005085,2,집합,4,전유부,경기도 성남시 분당구 대왕판교로385번길 13-4 (백현동),동양 라샹스, , , ,0,411354340050,11001,0,13,4, , , , , , ,20220909
42,경기도 성남시 분당구 백현동 373-1번지,41135,11000,0,0373,0001,10891100182275,10891100182270,2220081910005077,2,집합,4,전유부,경기도 성남시 분당구 대왕판교로385번길 13-4 (백현동),동양 라샹스, , , ,0,411354340050,11001,0,13,4, , , , , , ,20220909
43,경기도 성남시 분당구 백현동 373-1번지,41135,11000,0,0373,0001,10891100182280,10891100182279,2220081910005081,2,집합,4,전유부,경기도 성남시 분당구 대왕판교로385번길 13-4 (백현동),동양 라샹스, , , ,0,411354340050,11001,0,13,4, , , , , , ,20220909
44,경기도 성남시 분당구 백현동 373-1번지,41135,11000,0,0373,0001,10891100182289,10891100182285,2220081910005089,2,집합,4,전유부,경기도 성남시 분당구 대왕판교로385번길 13-4 (백현동),동양 라샹스, , , ,0,411354340050,11001,0,13,4, , , , , , ,20220909
45,경기도 성남시 분당구 백현동 373-1번지,41135,11000,0,0373,0001,10891100182283,10891100182279,2220081910005084,2,집합,4,전유부,경기도 성남시 분당구 대왕판교로385번길 13-4 (백현동),동양 라샹스, , , ,0,411354340050,11001,0,13,4, , , , , , ,20220909
46,경기도 성남시 분당구 백현동 373-1번지,41135,11000,0,0373,0001,10891100182274,10891100182270,2220081910005076,2,집합,4,전유부,경기도 성남시 분당구 대왕판교로385번길 13-4 (백현동),동양 라샹스, , , ,0,411354340050,11001,0,13,4, , , , , , ,20220909
47,경기도 성남시 분당구 백현동 373-1번지,41135,11000,0,0373,0001,10891100182273,10891100182270,2220081910005075,2,집합,4,전유부,경기도 성남시 분당구 대왕판교로385번길 13-4 (백현동),동양 라샹스, , , ,0,411354340050,11001,0,13,4, , , , , , ,20220909
48,경기도 성남시 분당구 백현동 373-1번지,41135,11000,0,0373,0001,10891100182271,10891100182270,2220081910005073,2,집합,4,전유부,경기도 성남시 분당구 대왕판교로385번길 13-4 (백현동),동양 라샹스, , , ,0,411354340050,11001,0,13,4, , , , , , ,20220909
49,경기도 성남시 분당구 백현동 373-1번지,41135,11000,0,0373,0001,10891100182277,10891100182270,2220081910005079,2,집합,4,전유부,경기도 성남시 분당구 대왕판교로385번길 13-4 (백현동),동양 라샹스, , , ,0,411354340050,11001,0,13,4, , , , , , ,20220909
50,경기도 성남시 분당구 백현동 373-1번지,41135,11000,0,0373,0001,10891100182278,10891100182270,2220081910005080,2,집합,4,전유부,경기도 성남시 분당구 대왕판교로385번길 13-4 (백현동),동양 라샹스, , , ,0,411354340050,11001,0,13,4, , , , , , ,20220909
51,경기도 성남시 분당구 백현동 373-1번지,41135,11000,0,0373,0001,10891100182287,10891100182285,2220081910005087,2,집합,4,전유부,경기도 성남시 분당구 대왕판교로385번길 13-4 (백현동),동양 라샹스, , , ,0,411354340050,11001,0,13,4, , , , , , ,20220909
52,경기도 성남시 분당구 백현동 373-1번지,41135,11000,0,0373,0001,10891100182286,10891100182285,2220081910005086,2,집합,4,전유부,경기도 성남시 분당구 대왕판교로385번길 13-4 (백현동),동양 라샹스, , , ,0,411354340050,11001,0,13,4, , , , , , ,20220909
53,경기도 성남시 분당구 백현동 373-1번지,41135,11000,0,0373,0001,10891100182279,10891100182269,2120081910000561,2,집합,3,표제부,경기도 성남시 분당구 대왕판교로385번길 13-4 (백현동),동양 라샹스, , , ,0,411354340050,11001,0,13,4, , , , , , ,20220909
54,경기도 성남시 분당구 백현동 373-1번지,41135,11000,0,0373,0001,10891100182272,10891100182270,2220081910005074,2,집합,4,전유부,경기도 성남시 분당구 대왕판교로385번길 13-4 (백현동),동양 라샹스, , , ,0,411354340050,11001,0,13,4, , , , , , ,20220909
55,경기도 성남시 분당구 백현동 373-1번지,41135,11000,0,0373,0001,10891100182276,10891100182270,2220081910005078,2,집합,4,전유부,경기도 성남시 분당구 대왕판교로385번길 13-4 (백현동),동양 라샹스, , , ,0,411354340050,11001,0,13,4, , , , , , ,20220909
56,경기도 성남시 분당구 백현동 373-1번지,41135,11000,0,0373,0001,10891100182270,10891100182269,2120081910000560,2,집합,3,표제부,경기도 성남시 분당구 대왕판교로385번길 13-4 (백현동),동양 라샹스, , , ,0,411354340050,11001,0,13,4, , , , , , ,20220909
57,경기도 성남시 분당구 백현동 373-1번지,41135,11000,0,0373,0001,10891100182288,10891100182285,2220081910005088,2,집합,4,전유부,경기도 성남시 분당구 대왕판교로385번길 13-4 (백현동),동양 라샹스, , , ,0,411354340050,11001,0,13,4, , , , , , ,20220909
58,경기도 성남시 분당구 백현동 373-1번지,41135,11000,0,0373,0001,10891100182285,10891100182269,2120081910000562,2,집합,3,표제부,경기도 성남시 분당구 대왕판교로385번길 13-4 (백현동),동양 라샹스, , , ,0,411354340050,11001,0,13,4, , , , , , ,20220909
59,경기도 성남시 분당구 백현동 373-1번지,41135,11000,0,0373,0001,10891100182281,10891100182279,2220081910005082,2,집합,4,전유부,경기도 성남시 분당구 대왕판교로385번길 13-4 (백현동),동양 라샹스, , , ,0,411354340050,11001,0,13,4, , , , , , ,20220909
60,경기도 성남시 분당구 백현동 373-1번지,41135,11000,0,0373,0001,10891100182269,0,2020081910000032,2,집합,1,총괄표제부,경기도 성남시 분당구 대왕판교로385번길 13-4 (백현동),동양 라샹스, , , ,1,411354340050,11001,0,13,4,1330,011, ,자연녹지지역,자연취락지구, ,20220909
61,경기도 성남시 분당구 백현동 373-6번지,41135,11000,0,0373,0006,10891121563,10891118163,2120061910000062,1,일반,2,일반건축물,경기도 성남시 분당구 대왕판교로385번길 27 (백현동),한국 외국인학교, , , ,0,411354340050,11001,0,27,0, , , , , , ,20220909
62,경기도 성남시 분당구 백현동 374번지,41135,11000,0,0374,0000,1000000000000005342952,0,2120221911902792,1,일반,2,일반건축물,경기도 성남시 분당구 대왕판교로385번길 26-1 (백현동),백현동 374 제1종근린생활시설 (우리들교회), , , ,0,411354340050,11001,0,26,1,UQA410, , ,보전녹지지역, , ,20250312
63,경기도 성남시 분당구 백현동 374-2번지,41135,11000,0,0374,0002,10891100300588,0,2120171910000160,1,일반,2,일반건축물,경기도 성남시 분당구 대왕판교로385번길 21 (백현동), , , , ,0,411354340050,11001,0,21,0,1330,011, ,자연녹지지역,자연취락지구, ,20220909
64,경기도 성남시 분당구 백현동 374-6번지,41135,11000,0,0374,0006,1000000000000005343026,0,2120241915008507,1,일반,2,일반건축물,경기도 성남시 분당구 대왕판교로385번길 24 (백현동),백현동 374-6 제1종근린생활시설 (우리들교회), , , ,0,411354340050,11001,0,24,0,UQA410,UQM110, ,보전녹지지역,자연취락지구, ,20250312
65,경기도 성남시 분당구 백현동 374-11번지,41135,11000,0,0374,0011,1000000000000005359236,1000000000000005359234,2120221911902821,1,일반,2,일반건축물,경기도 성남시 분당구 대왕판교로385번길 26 (백현동),백현동 374 제1종근린생활시설 (재단법인 큐티선교회), , , ,0,411354340050,11001,0,26,0, , , , , , ,20250314
66,경기도 성남시 분당구 백현동 374-11번지,41135,11000,0,0374,0011,1000000000000005359235,1000000000000005359234,2120221911902820,1,일반,2,일반건축물,경기도 성남시 분당구 대왕판교로385번길 26 (백현동),백현동 374 제1종근린생활시설 (재단법인 큐티선교회), , , ,0,411354340050,11001,0,26,0, , , , , , ,20250314
67,경기도 성남시 분당구 백현동 374-11번지,41135,11000,0,0374,0011,1000000000000005359234,0,2020251915752379,1,일반,1,총괄표제부,경기도 성남시 분당구 대왕판교로385번길 26 (백현동),백현동 374 제1종근린생활시설 (재단법인 큐티선교회), , , ,0,411354340050,11001,0,26,0,UQA410, , ,보전녹지지역, , ,20250314
68,경기도 성남시 분당구 백현동 375-12번지,41135,11000,0,0375,0012,10891100327651,0,2120201910000068,1,일반,2,일반건축물,경기도 성남시 분당구 대왕판교로385번길 28-1 (백현동),., , , ,0,411354340050,11001,0,28,1,UQA410, , ,보전녹지지역, , ,20220909
69,경기도 성남시 분당구 백현동 376-1번지,41135,11000,0,0376,0001,10891100187554,10891100187555,2120091910000200,1,일반,2,일반건축물,경기도 성남시 분당구 대왕판교로385번길 28 (백현동),성남외국어고등학교, , , ,0,411354340050,11001,0,28,0,1310, , ,보전녹지지역, , ,20220909
70,경기도 성남시 분당구 백현동 376-1번지,41135,11000,0,0376,0001,10891100187555,0,2020091910000013,1,일반,1,총괄표제부,경기도 성남시 분당구 대왕판교로385번길 28 (백현동),성남외국어고등학교, , , ,0,411354340050,11001,0,28,0,1310, , ,보전녹지지역, , ,20220909
71,경기도 성남시 분당구 백현동 376-1번지,41135,11000,0,0376,0001,10891124306,10891100187555,2120061910000046,1,일반,2,일반건축물,경기도 성남시 분당구 대왕판교로385번길 28 (백현동),성남외국어고등학교, , , ,0,411354340050,11001,0,28,0,1310, , ,보전녹지지역, , ,20220909
72,경기도 성남시 분당구 백현동 397번지,41135,11000,0,0397,0000,10891100248940,10891100248939,2120141910000150,1,일반,2,일반건축물,경기도 성남시 분당구 대왕판교로385번길 14-5 (백현동),분당사랑의교회, , , ,0,411354340050,11001,0,14,5,UQA430,UQM110, ,자연녹지지역,자연취락지구, ,20241009
73,경기도 성남시 분당구 백현동 397번지,41135,11000,0,0397,0000,10891100248939,0,2020141910000003,1,일반,1,총괄표제부, ,분당사랑의교회, , , ,0, , ,0,0,0,UQA430,UQM110, ,자연녹지지역,자연취락지구, ,20220909
74,경기도 성남시 분당구 백현동 397번지,41135,11000,0,0397,0000,10891100248941,10891100248939,2120141910000151,1,일반,2,일반건축물, ,분당사랑의교회, , , ,0, , ,0,0,0, , , , , , ,20220909
75,경기도 성남시 분당구 백현동 399번지,41135,11000,0,0399,0000,10891100171646,0,2120071910000386,1,일반,2,일반건축물,경기도 성남시 분당구 대왕판교로385번길 18 (백현동), , , , ,0,411354340050,11001,0,18,0,1330,011, ,자연녹지지역,자연취락지구, ,20220909
76,경기도 성남시 분당구 백현동 399-3번지,41135,11000,0,0399,0003,10891100210126,0,2120101910000443,1,일반,2,일반건축물,경기도 성남시 분당구 대왕판교로385번길 14 (백현동), , , , ,0,411354340050,11001,0,14,0,1330,011, ,자연녹지지역,자연취락지구, ,20220909
77,경기도 성남시 분당구 백현동 400번지,41135,11000,0,0400,0000,1000000000000002220295,0,2120241914666981,1,일반,2,일반건축물,경기도 성남시 분당구 대왕판교로385번길 5 (백현동), , , , ,1,411354340050,11001,0,5,0,UQA001,UNE412,ZQ0001,도시지역,비행안전제2구역(전술),중점경관관리구역,20241127
78,경기도 성남시 분당구 백현동 402번지,41135,11000,0,0402,0000,10891126286,0,2120041910007177,1,일반,2,일반건축물,경기도 성남시 분당구 대왕판교로385번길 8 (백현동), , , , ,0,411354340050,11001,0,8,0,1330,011, ,자연녹지지역,자연취락지구, ,20220909
79,경기도 성남시 분당구 백현동 403-2번지,41135,11000,0,0403,0002,10891100182656,0,2120081910000624,1,일반,2,일반건축물,경기도 성남시 분당구 대왕판교로385번길 6 (백현동),., , , ,0,411354340050,11001,0,6,0,1330,011, ,자연녹지지역,자연취락지구, ,20220909
80,경기도 성남시 분당구 백현동 403-3번지,41135,11000,0,0403,0003,10891125823,0,2120051910000066,1,일반,2,일반건축물,경기도 성남시 분당구 대왕판교로395번길 14 (백현동), , , , ,0,411354340051,11001,0,14,0,1330,011, ,자연녹지지역,자연취락지구, ,20220909
81,경기도 성남시 분당구 백현동 403-4번지,41135,11000,0,0403,0004,10891100241011,10891100241004,2220131910000863,2,집합,4,전유부,경기도 성남시 분당구 대왕판교로385번길 14-4 (백현동), , , , ,0,411354340050,11001,0,14,4, , , , , , ,20220909
82,경기도 성남시 분당구 백현동 403-4번지,41135,11000,0,0403,0004,10891100241012,10891100241004,2220131910000864,2,집합,4,전유부,경기도 성남시 분당구 대왕판교로385번길 14-4 (백현동), , , , ,0,411354340050,11001,0,14,4, , , , , , ,20220909
83,경기도 성남시 분당구 백현동 403-4번지,41135,11000,0,0403,0004,10891100241004,0,2120131910000173,2,집합,3,표제부,경기도 성남시 분당구 대왕판교로385번길 14-4 (백현동), , , , ,0,411354340050,11001,0,14,4,UQA430,UQM110, ,자연녹지지역,자연취락지구, ,20220909
84,경기도 성남시 분당구 백현동 403-4번지,41135,11000,0,0403,0004,10891100241007,10891100241004,2220131910000859,2,집합,4,전유부,경기도 성남시 분당구 대왕판교로385번길 14-4 (백현동), , , , ,0,411354340050,11001,0,14,4, , , , , , ,20220909
85,경기도 성남시 분당구 백현동 403-4번지,41135,11000,0,0403,0004,10891100241013,10891100241004,2220131910000865,2,집합,4,전유부,경기도 성남시 분당구 대왕판교로385번길 14-4 (백현동), , , , ,0,411354340050,11001,0,14,4, , , , , , ,20220909
86,경기도 성남시 분당구 백현동 403-4번지,41135,11000,0,0403,0004,10891100241005,10891100241004,2220131910000857,2,집합,4,전유부,경기도 성남시 분당구 대왕판교로385번길 14-4 (백현동), , , , ,0,411354340050,11001,0,14,4, , , , , , ,20220909
87,경기도 성남시 분당구 백현동 403-4번지,41135,11000,0,0403,0004,10891100241008,10891100241004,2220131910000860,2,집합,4,전유부,경기도 성남시 분당구 대왕판교로385번길 14-4 (백현동), , , , ,0,411354340050,11001,0,14,4, , , , , , ,20220909
88,경기도 성남시 분당구 백현동 403-4번지,41135,11000,0,0403,0004,10891100241010,10891100241004,2220131910000862,2,집합,4,전유부,경기도 성남시 분당구 대왕판교로385번길 14-4 (백현동), , , , ,0,411354340050,11001,0,14,4, , , , , , ,20220909
89,경기도 성남시 분당구 백현동 403-4번지,41135,11000,0,0403,0004,10891100241009,10891100241004,2220131910000861,2,집합,4,전유부,경기도 성남시 분당구 대왕판교로385번길 14-4 (백현동), , , , ,0,411354340050,11001,0,14,4, , , , , , ,20220909
90,경기도 성남시 분당구 백현동 403-4번지,41135,11000,0,0403,0004,10891100241006,10891100241004,2220131910000858,2,집합,4,전유부,경기도 성남시 분당구 대왕판교로385번길 14-4 (백현동), , , , ,0,411354340050,11001,0,14,4, , , , , , ,20220909
91,경기도 성남시 분당구 백현동 403-6번지,41135,11000,0,0403,0006,10891262352,10891126635,2220041910110675,2,집합,4,전유부,경기도 성남시 분당구 대왕판교로385번길 12-3 (백현동), , , , ,0,411354340050,11001,0,12,3, , , , , , ,20220909
92,경기도 성남시 분당구 백현동 403-6번지,41135,11000,0,0403,0006,10891262345,10891126635,2220041910110676,2,집합,4,전유부,경기도 성남시 분당구 대왕판교로385번길 12-3 (백현동), , , , ,0,411354340050,11001,0,12,3, , , , , , ,20220909
93,경기도 성남시 분당구 백현동 403-6번지,41135,11000,0,0403,0006,10891262347,10891126635,2220041910110678,2,집합,4,전유부,경기도 성남시 분당구 대왕판교로385번길 12-3 (백현동), , , , ,0,411354340050,11001,0,12,3, , , , , , ,20220909
94,경기도 성남시 분당구 백현동 403-6번지,41135,11000,0,0403,0006,10891262348,10891126635,2220041910110679,2,집합,4,전유부,경기도 성남시 분당구 대왕판교로385번길 12-3 (백현동), , , , ,0,411354340050,11001,0,12,3, , , , , , ,20220909
95,경기도 성남시 분당구 백현동 403-6번지,41135,11000,0,0403,0006,10891262349,10891126635,2220041910110680,2,집합,4,전유부,경기도 성남시 분당구 대왕판교로385번길 12-3 (백현동), , , , ,0,411354340050,11001,0,12,3, , , , , , ,20220909
96,경기도 성남시 분당구 백현동 403-6번지,41135,11000,0,0403,0006,10891262346,10891126635,2220041910110677,2,집합,4,전유부,경기도 성남시 분당구 대왕판교로385번길 12-3 (백현동), , , , ,0,411354340050,11001,0,12,3, , , , , , ,20220909
97,경기도 성남시 분당구 백현동 403-6번지,41135,11000,0,0403,0006,10891262351,10891126635,2220041910110682,2,집합,4,전유부,경기도 성남시 분당구 대왕판교로385번길 12-3 (백현동), , , , ,0,411354340050,11001,0,12,3, , , , , , ,20220909
98,경기도 성남시 분당구 백현동 403-6번지,41135,11000,0,0403,0006,10891126635,0,2120041910007236,2,집합,3,표제부,경기도 성남시 분당구 대왕판교로385번길 12-3 (백현동), , , , ,0,411354340050,11001,0,12,3,1330, , ,자연녹지지역, , ,20220909
99,경기도 성남시 분당구 백현동 403-6번지,41135,11000,0,0403,0006,10891262350,10891126635,2220041910110681,2,집합,4,전유부,경기도 성남시 분당구 대왕판교로385번길 12-3 (백현동), , , , ,0,411354340050,11001,0,12,3, , , , , , ,20220909
100,경기도 성남시 분당구 백현동 403-18번지,41135,11000,0,0403,0018,10891122074,0,2120061910000143,1,일반,2,일반건축물,경기도 성남시 분당구 대왕판교로385번길 12-4 (백현동), , , , ,0,411354340050,11001,0,12,4,1330,011, ,자연녹지지역,자연취락지구, ,20220909
101,경기도 성남시 분당구 백현동 403-19번지,41135,11000,0,0403,0019,10891121665,0,2120071910000075,1,일반,2,일반건축물,경기도 성남시 분당구 대왕판교로395번길 14 (백현동), , , , ,0,411354340051,11001,0,14,0,1330,011, ,자연녹지지역,자연취락지구, ,20220909
102,경기도 성남시 분당구 백현동 404-6번지,41135,11000,0,0404,0006,10891119229,10891117811,2120041910007184,1,일반,2,일반건축물,경기도 성남시 분당구 대왕판교로395번길 8 (백현동),공장B동, , , ,6,411354340051,11001,0,8,0, , , , , , ,20220909
103,경기도 성남시 분당구 백현동 404-6번지,41135,11000,0,0404,0006,10891117811,0,2020041910000408,1,일반,1,총괄표제부,경기도 성남시 분당구 대왕판교로395번길 8 (백현동),남서울 첨단 아파트형공장, , , ,5,411354340051,11001,0,8,0,1310, , ,보전녹지지역, , ,20220909
104,경기도 성남시 분당구 백현동 404-6번지,41135,11000,0,0404,0006,10891119228,10891117811,2120041910007183,1,일반,2,일반건축물,경기도 성남시 분당구 대왕판교로395번길 8 (백현동),공장A동, , , ,6,411354340051,11001,0,8,0, , , , , , ,20220909
105,경기도 성남시 분당구 백현동 406-2번지,41135,11000,0,0406,0002,10891124693,0,2120041910007186,1,일반,2,일반건축물,경기도 성남시 분당구 대왕판교로395번길 10 (백현동), , , , ,1,411354340051,11001,0,10,0, , , , , , ,20220909
106,경기도 성남시 분당구 백현동 406-3번지,41135,11000,0,0406,0003,10891124877,0,2120041910007187,1,일반,2,일반건축물,경기도 성남시 분당구 대왕판교로385번길 4-3 (백현동), , , , ,0,411354340050,11001,0,4,3, , , , , , ,20240314
107,경기도 성남시 분당구 백현동 406-4번지,41135,11000,0,0406,0004,10891100228529,0,2120111910000625,1,일반,2,일반건축물,경기도 성남시 분당구 대왕판교로385번길 4-6 (백현동),정우빌딩, , , ,2,411354340050,11001,0,4,6,UQA430,UQM110, ,자연녹지지역,자연취락지구, ,20220909
108,경기도 성남시 분당구 백현동 406-10번지,41135,11000,0,0406,0010,10891124810,0,2120041910007188,1,일반,2,일반건축물,경기도 성남시 분당구 대왕판교로385번길 2 (백현동), , , , ,0,411354340050,11001,0,2,0,1330, , ,자연녹지지역, , ,20220909
109,경기도 성남시 분당구 백현동 406-14번지,41135,11000,0,0406,0014,10891100224283,0,2120111910000427,1,일반,2,일반건축물,경기도 성남시 분당구 대왕판교로 389 (백현동), , , , ,0,411353180005,11003,0,389,0,UQA430,UQM110, ,자연녹지지역,자연취락지구, ,20220909
110,경기도 성남시 분당구 백현동 406-15번지,41135,11000,0,0406,0015,10891122990,0,2120041910007190,1,일반,2,일반건축물,경기도 성남시 분당구 대왕판교로 387 (백현동), , , , ,0,411353180005,11003,0,387,0,1330, , ,자연녹지지역, , ,20220909
111,경기도 성남시 분당구 백현동 407-3번지,41135,11000,0,0407,0003,10891100223266,10891100223265,2120111910000321,1,일반,2,일반건축물,경기도 성남시 분당구 대왕판교로 393 (백현동), , , , ,0,411353180005,11003,0,393,0, , , , , , ,20220909
112,경기도 성남시 분당구 백현동 407-3번지,41135,11000,0,0407,0003,10891100223265,0,2020111910000010,1,일반,1,총괄표제부,경기도 성남시 분당구 대왕판교로 393 (백현동), , , , ,0,411353180005,11003,0,393,0,UQA430,UQM110, ,자연녹지지역,자연취락지구, ,20220909
113,경기도 성남시 분당구 백현동 407-3번지,41135,11000,0,0407,0003,10891126994,10891100223265,2120041910007192,1,일반,2,일반건축물,경기도 성남시 분당구 대왕판교로 393 (백현동), , , , ,0,411353180005,11003,0,393,0,1330,011, ,자연녹지지역,자연취락지구, ,20220909
114,경기도 성남시 분당구 백현동 407-22번지,41135,11000,0,0407,0022,10891126502,0,2120071910000072,1,일반,2,일반건축물,경기도 성남시 분당구 대왕판교로395번길 3 (백현동), , , , ,0,411354340051,11001,0,3,0,1330,011, ,자연녹지지역,자연취락지구, ,20241021
115,경기도 성남시 분당구 백현동 408번지,41135,11000,0,0408,0000,10891124008,0,2120041910007193,1,일반,2,일반건축물, , , , , ,0, , ,0,0,0, , , , , , ,20220909
116,경기도 성남시 분당구 백현동 409번지,41135,11000,0,0409,0000,10891124117,0,2120051910000022,1,일반,2,일반건축물,경기도 성남시 분당구 대왕판교로 397 (백현동),., , , ,0,411353180005,11003,0,397,0,1330,011, ,자연녹지지역,자연취락지구, ,20220909
117,경기도 성남시 분당구 백현동 409-5번지,41135,11000,0,0409,0005,10891100300108,10891100300105,2220171910000489,2,집합,4,전유부,경기도 성남시 분당구 대왕판교로395번길 4 (백현동),라비앙스빌(Revien-s Ville), , , ,0,411354340051,11001,0,4,0, , , , , , ,20220909
118,경기도 성남시 분당구 백현동 409-5번지,41135,11000,0,0409,0005,10891100300102,10891100300099,2220171910000484,2,집합,4,전유부,경기도 성남시 분당구 대왕판교로395번길 4 (백현동),라비앙스빌(Revien-s Ville), , , ,0,411354340051,11001,0,4,0, , , , , , ,20220909
119,경기도 성남시 분당구 백현동 409-5번지,41135,11000,0,0409,0005,10891100300089,10891100300088,2220171910000472,2,집합,4,전유부,경기도 성남시 분당구 대왕판교로395번길 4 (백현동),라비앙스빌(Revien-s Ville), , , ,0,411354340051,11001,0,4,0, , , , , , ,20220909
120,경기도 성남시 분당구 백현동 409-5번지,41135,11000,0,0409,0005,10891100300098,10891100300088,2220171910000481,2,집합,4,전유부,경기도 성남시 분당구 대왕판교로395번길 4 (백현동),라비앙스빌(Revien-s Ville), , , ,0,411354340051,11001,0,4,0, , , , , , ,20220909
121,경기도 성남시 분당구 백현동 409-5번지,41135,11000,0,0409,0005,10891100300107,10891100300105,2220171910000488,2,집합,4,전유부,경기도 성남시 분당구 대왕판교로395번길 4 (백현동),라비앙스빌(Revien-s Ville), , , ,0,411354340051,11001,0,4,0, , , , , , ,20220909
122,경기도 성남시 분당구 백현동 409-5번지,41135,11000,0,0409,0005,10891100300091,10891100300088,2220171910000474,2,집합,4,전유부,경기도 성남시 분당구 대왕판교로395번길 4 (백현동),라비앙스빌(Revien-s Ville), , , ,0,411354340051,11001,0,4,0, , , , , , ,20220909
123,경기도 성남시 분당구 백현동 409-5번지,41135,11000,0,0409,0005,10891100300092,10891100300088,2220171910000475,2,집합,4,전유부,경기도 성남시 분당구 대왕판교로395번길 4 (백현동),라비앙스빌(Revien-s Ville), , , ,0,411354340051,11001,0,4,0, , , , , , ,20220909
124,경기도 성남시 분당구 백현동 409-5번지,41135,11000,0,0409,0005,10891100300109,10891100300105,2220171910000490,2,집합,4,전유부,경기도 성남시 분당구 대왕판교로395번길 4 (백현동),라비앙스빌(Revien-s Ville), , , ,0,411354340051,11001,0,4,0, , , , , , ,20220909
125,경기도 성남시 분당구 백현동 409-5번지,41135,11000,0,0409,0005,10891100300094,10891100300088,2220171910000477,2,집합,4,전유부,경기도 성남시 분당구 대왕판교로395번길 4 (백현동),라비앙스빌(Revien-s Ville), , , ,0,411354340051,11001,0,4,0, , , , , , ,20220909
126,경기도 성남시 분당구 백현동 409-5번지,41135,11000,0,0409,0005,10891100300111,10891100300105,2220171910000492,2,집합,4,전유부,경기도 성남시 분당구 대왕판교로395번길 4 (백현동),라비앙스빌(Revien-s Ville), , , ,0,411354340051,11001,0,4,0, , , , , , ,20220909
127,경기도 성남시 분당구 백현동 409-5번지,41135,11000,0,0409,0005,10891100300097,10891100300088,2220171910000480,2,집합,4,전유부,경기도 성남시 분당구 대왕판교로395번길 4 (백현동),라비앙스빌(Revien-s Ville), , , ,0,411354340051,11001,0,4,0, , , , , , ,20220909
128,경기도 성남시 분당구 백현동 409-5번지,41135,11000,0,0409,0005,10891100300104,10891100300099,2220171910000486,2,집합,4,전유부,경기도 성남시 분당구 대왕판교로395번길 4 (백현동),라비앙스빌(Revien-s Ville), , , ,0,411354340051,11001,0,4,0, , , , , , ,20220909
129,경기도 성남시 분당구 백현동 409-5번지,41135,11000,0,0409,0005,10891100300110,10891100300105,2220171910000491,2,집합,4,전유부,경기도 성남시 분당구 대왕판교로395번길 4 (백현동),라비앙스빌(Revien-s Ville), , , ,0,411354340051,11001,0,4,0, , , , , , ,20220909
130,경기도 성남시 분당구 백현동 409-5번지,41135,11000,0,0409,0005,10891100300099,10891100300087,2120171910000156,2,집합,3,표제부,경기도 성남시 분당구 대왕판교로395번길 4 (백현동),라비앙스빌(Revien-s Ville), , , ,0,411354340051,11001,0,4,0, , , , , , ,20220909
131,경기도 성남시 분당구 백현동 409-5번지,41135,11000,0,0409,0005,10891100300103,10891100300099,2220171910000485,2,집합,4,전유부,경기도 성남시 분당구 대왕판교로395번길 4 (백현동),라비앙스빌(Revien-s Ville), , , ,0,411354340051,11001,0,4,0, , , , , , ,20220909
132,경기도 성남시 분당구 백현동 409-5번지,41135,11000,0,0409,0005,10891100300096,10891100300088,2220171910000479,2,집합,4,전유부,경기도 성남시 분당구 대왕판교로395번길 4 (백현동),라비앙스빌(Revien-s Ville), , , ,0,411354340051,11001,0,4,0, , , , , , ,20220909
133,경기도 성남시 분당구 백현동 409-5번지,41135,11000,0,0409,0005,10891100300101,10891100300099,2220171910000483,2,집합,4,전유부,경기도 성남시 분당구 대왕판교로395번길 4 (백현동),라비앙스빌(Revien-s Ville), , , ,0,411354340051,11001,0,4,0, , , , , , ,20220909
134,경기도 성남시 분당구 백현동 409-5번지,41135,11000,0,0409,0005,10891100300100,10891100300099,2220171910000482,2,집합,4,전유부,경기도 성남시 분당구 대왕판교로395번길 4 (백현동),라비앙스빌(Revien-s Ville), , , ,0,411354340051,11001,0,4,0, , , , , , ,20220909
135,경기도 성남시 분당구 백현동 409-5번지,41135,11000,0,0409,0005,10891100300106,10891100300105,2220171910000487,2,집합,4,전유부,경기도 성남시 분당구 대왕판교로395번길 4 (백현동),라비앙스빌(Revien-s Ville), , , ,0,411354340051,11001,0,4,0, , , , , , ,20220909
136,경기도 성남시 분당구 백현동 409-5번지,41135,11000,0,0409,0005,10891100300088,10891100300087,2120171910000155,2,집합,3,표제부,경기도 성남시 분당구 대왕판교로395번길 4 (백현동),라비앙스빌(Revien-s Ville), , , ,0,411354340051,11001,0,4,0, , , , , , ,20220909
137,경기도 성남시 분당구 백현동 409-5번지,41135,11000,0,0409,0005,10891100300105,10891100300087,2120171910000157,2,집합,3,표제부,경기도 성남시 분당구 대왕판교로395번길 4 (백현동),라비앙스빌(Revien-s Ville), , , ,0,411354340051,11001,0,4,0, , , , , , ,20220909
138,경기도 성남시 분당구 백현동 409-5번지,41135,11000,0,0409,0005,10891100300093,10891100300088,2220171910000476,2,집합,4,전유부,경기도 성남시 분당구 대왕판교로395번길 4 (백현동),라비앙스빌(Revien-s Ville), , , ,0,411354340051,11001,0,4,0, , , , , , ,20220909
139,경기도 성남시 분당구 백현동 409-5번지,41135,11000,0,0409,0005,10891100300087,0,2020171910000007,2,집합,1,총괄표제부,경기도 성남시 분당구 대왕판교로395번길 4 (백현동),라비앙스빌(Revien-s Ville), , , ,0,411354340051,11001,0,4,0,UQA430,UQM110, ,자연녹지지역,자연취락지구, ,20220909
140,경기도 성남시 분당구 백현동 409-5번지,41135,11000,0,0409,0005,10891100300090,10891100300088,2220171910000473,2,집합,4,전유부,경기도 성남시 분당구 대왕판교로395번길 4 (백현동),라비앙스빌(Revien-s Ville), , , ,0,411354340051,11001,0,4,0, , , , , , ,20220909
141,경기도 성남시 분당구 백현동 409-5번지,41135,11000,0,0409,0005,10891100300095,10891100300088,2220171910000478,2,집합,4,전유부,경기도 성남시 분당구 대왕판교로395번길 4 (백현동),라비앙스빌(Revien-s Ville), , , ,0,411354340051,11001,0,4,0, , , , , , ,20220909
142,경기도 성남시 분당구 백현동 464-1번지,41135,11000,0,0464,0001,10891124407,0,2120041910007205,1,일반,2,일반건축물, , , , , ,1, , ,0,0,0,1310, , ,보전녹지지역, , ,20220909
143,경기도 성남시 분당구 백현동 466-5번지,41135,11000,0,0466,0005,10891122185,0,2120041910007206,1,일반,2,일반건축물,경기도 성남시 분당구 안양판교로 1207 (백현동), , , , ,0,411353012010,11001,0,1207,0,1310, , ,보전녹지지역, , ,20250228
144,경기도 성남시 분당구 백현동 466-14번지,41135,11000,0,0466,0014,10891100348834,0,2120211910000387,1,일반,2,일반건축물,경기도 성남시 분당구 안양판교로 1209 (백현동), , , , ,0,411353012010,11001,0,1209,0,UQA410, ,UNE412,보전녹지지역, , ,20220909
145,경기도 성남시 분당구 백현동 472-70번지,41135,11000,0,0472,0070,1000000000000000159280,0,2120221911920010,1,일반,2,일반건축물,경기도 성남시 분당구 대왕판교로 388 (백현동), , , , ,0,411353180005,11003,0,388,0,UQA410, ,UQQ300,보전녹지지역, ,지구단위계획구역,20221116
146,경기도 성남시 분당구 백현동 472-73번지,41135,11000,0,0472,0073,10891100326032,10891100326031,2120201910000039,1,일반,2,일반건축물,경기도 성남시 분당구 대왕판교로 386 (백현동), , , , ,0,411353180005,11003,0,386,0,1310, ,300,보전녹지지역, ,지구단위계획구역,20220909
147,경기도 성남시 분당구 백현동 472-73번지,41135,11000,0,0472,0073,10891100326033,10891100326031,2120201910000040,1,일반,2,일반건축물,경기도 성남시 분당구 대왕판교로 386 (백현동), , , , ,0,411353180005,11003,0,386,0,UQA001, ,300,도시지역, ,지구단위계획구역,20220909
148,경기도 성남시 분당구 백현동 472-73번지,41135,11000,0,0472,0073,10891100326031,0,2020201910000002,1,일반,1,총괄표제부,경기도 성남시 분당구 대왕판교로 386 (백현동), , , , ,0,411353180005,11003,0,386,0,UQA001, ,UQQ300,도시지역, ,지구단위계획구역,20220909
149,경기도 성남시 분당구 백현동 472-74번지,41135,11000,0,0472,0074,10891100233639,0,2120121910000358,1,일반,2,일반건축물,경기도 성남시 분당구 대왕판교로 384 (백현동), , , , ,0,411353180005,11003,0,384,0,UQA410,UNE412,UML100,보전녹지지역,비행안전제2구역(전술),배수구역,20220909
150,경기도 성남시 분당구 백현동 472-80번지,41135,11000,0,0472,0080,10891100337731,0,2120211910000047,1,일반,2,일반건축물,경기도 성남시 분당구 대왕판교로 378 (백현동),진원빌딩, , , ,3,411353180005,11003,0,378,0,UQA410,UNE412,ZQ0001,보전녹지지역,비행안전제2구역(전술),중점경관관리구역,20221116
151,경기도 성남시 분당구 백현동 472-87번지,41135,11000,0,0472,0087,1000000000000006957141,0,2120241915539018,1,일반,2,일반건축물,경기도 성남시 분당구 대왕판교로 376 (백현동),백현동, , , ,1,411353180005,11003,0,376,0,UQA001,UNE412,ZQ0001,도시지역,비행안전제2구역(전술),중점경관관리구역,20260116
152,경기도 성남시 분당구 백현동 472-91번지,41135,11000,0,0472,0091,1000000000000002510120,0,2120231912666342,1,일반,2,일반건축물,경기도 성남시 분당구 대왕판교로 374 (백현동),백현동 472-91, , , ,0,411353180005,11003,0,374,0,UQA410,UNE412,ZQ0001,보전녹지지역,비행안전제2구역(전술),중점경관관리구역,20231023
153,경기도 성남시 분당구 백현동 472-92번지,41135,11000,0,0472,0092,1000000000000007224941,0,2120231912680758,1,일반,2,일반건축물,경기도 성남시 분당구 대왕판교로 374-1 (백현동),백현동 472-92  제1종 근린생활시설, , , ,0,411353180005,11003,0,374,1,UQA001,UNE412,ZQ0001,도시지역,비행안전제2구역(전술),중점경관관리구역,20260407
154,경기도 성남시 분당구 백현동 472-99번지,41135,11000,0,0472,0099,10891100325451,0,2120201910000030,1,일반,2,일반건축물,경기도 성남시 분당구 대왕판교로 372 (백현동), , , , ,2,411353180005,11003,0,372,0,UQA001, ,UQQ300,도시지역, ,지구단위계획구역,20220909
155,경기도 성남시 분당구 백현동 472-109번지,41135,11000,0,0472,0109,1000000000000006663809,0,2120241915392482,1,일반,2,일반건축물,경기도 성남시 분당구 대왕판교로 366 (백현동),현산빌딩, , , ,1,411353180005,11003,0,366,0,UQA001,UNE412,ZQ0001,도시지역,비행안전제2구역(전술),중점경관관리구역,20260113
156,경기도 성남시 분당구 백현동 472-110번지,41135,11000,0,0472,0110,1000000000000003027205,0,2120241914669622,1,일반,2,일반건축물,경기도 성남시 분당구 대왕판교로 364 (백현동), , , , ,6,411353180005,11003,0,364,0,UQA410,UNE412,ZQ0001,보전녹지지역,비행안전제2구역(전술),중점경관관리구역,20240323
157,경기도 성남시 분당구 백현동 475-5번지,41135,11000,0,0475,0005,10891125475,0,2120041910007214,1,일반,2,일반건축물,경기도 성남시 분당구 안양판교로 1194 (백현동), , , , ,0,411353012010,11001,0,1194,0,1310, , ,보전녹지지역, , ,20220909
158,경기도 성남시 분당구 백현동 476번지,41135,11000,0,0476,0000,10891119237,10891117815,2120041910007216,1,일반,2,일반건축물,경기도 성남시 분당구 안양판교로 1192 (백현동),나동, , , ,0,411353012010,11001,0,1192,0,1310, , ,보전녹지지역, , ,20220909
159,경기도 성남시 분당구 백현동 476번지,41135,11000,0,0476,0000,10891117815,0,2020041910000412,1,일반,1,총괄표제부,경기도 성남시 분당구 안양판교로 1192 (백현동), , , , ,0,411353012010,11001,0,1192,0,1310, , ,보전녹지지역, , ,20220909
160,경기도 성남시 분당구 백현동 476번지,41135,11000,0,0476,0000,10891119236,10891117815,2120041910007215,1,일반,2,일반건축물,경기도 성남시 분당구 안양판교로 1192 (백현동),가동, , , ,0,411353012010,11001,0,1192,0,1310, , ,보전녹지지역, , ,20230923
161,경기도 성남시 분당구 백현동 485-1번지,41135,11000,0,0485,0001,10891126497,0,2120041910007217,1,일반,2,일반건축물,경기도 성남시 분당구 판교백현로 25 (백현동), , , , ,0,411353352601,11002,0,25,0,1310, , ,보전녹지지역, , ,20231212
162,경기도 성남시 분당구 백현동 486번지,41135,11000,0,0486,0000,10891125226,0,2120071910000044,1,일반,2,일반건축물,경기도 성남시 분당구 판교백현로 31 (백현동), , , , ,0,411353352601,11002,0,31,0,1310, ,GY,보전녹지지역, , ,20220909
163,경기도 성남시 분당구 백현동 486-1번지,41135,11000,0,0486,0001,10891100206067,0,2120101910000085,1,일반,2,일반건축물,경기도 성남시 분당구 판교백현로 29 (백현동), , , , ,1,411353352601,11002,0,29,0,1310, , ,보전녹지지역, , ,20250430
164,경기도 성남시 분당구 백현동 489-1번지,41135,11000,0,0489,0001,10891127046,0,2120051910000038,1,일반,2,일반건축물,경기도 성남시 분당구 판교백현로 41 (백현동), , , , ,1,411353352601,11002,0,41,0,1310, , ,보전녹지지역, , ,20220909
165,경기도 성남시 분당구 백현동 489-2번지,41135,11000,0,0489,0002,10891122099,0,2120041910007218,1,일반,2,일반건축물,경기도 성남시 분당구 판교백현로 35 (백현동),골프존파크 판교 남서울cc, , , ,0,411353352601,11002,0,35,0,1310, , ,보전녹지지역, , ,20241024
166,경기도 성남시 분당구 백현동 489-4번지,41135,11000,0,0489,0004,10891100189296,0,2120091910000287,1,일반,2,일반건축물,경기도 성남시 분당구 판교백현로 37 (백현동), , , , ,0,411353352601,11002,0,37,0,1310, , ,보전녹지지역, , ,20220909
167,경기도 성남시 분당구 백현동 489-9번지,41135,11000,0,0489,0009,10891100189295,0,2120091910000286,1,일반,2,일반건축물,경기도 성남시 분당구 판교백현로 39 (백현동), , , , ,1,411353352601,11002,0,39,0,1310, , ,보전녹지지역, , ,20220909
168,경기도 성남시 분당구 백현동 489-11번지,41135,11000,0,0489,0011,10891126954,0,2120051910000037,1,일반,2,일반건축물,경기도 성남시 분당구 판교백현로 43 (백현동), , , , ,0,411353352601,11002,0,43,0,1310, , ,보전녹지지역, , ,20220909
169,경기도 성남시 분당구 백현동 490-4번지,41135,11000,0,0490,0004,10891121670,0,2120041910007221,1,일반,2,일반건축물,경기도 성남시 분당구 판교백현로 47 (백현동), , , , ,0,411353352601,11002,0,47,0,1310, , ,보전녹지지역, , ,20220909
170,경기도 성남시 분당구 백현동 490-9번지,41135,11000,0,0490,0009,10891127041,0,2120041910007222,1,일반,2,일반건축물,경기도 성남시 분당구 판교백현로 45 (백현동), , , , ,1,411353352601,11002,0,45,0,1310, , ,보전녹지지역, , ,20220909
171,경기도 성남시 분당구 백현동 491번지,41135,11000,0,0491,0000,10891124570,0,2120041910007223,1,일반,2,일반건축물,경기도 성남시 분당구 판교백현로 49 (백현동),란정, , , ,1,411353352601,11002,0,49,0,1310, , ,보전녹지지역, , ,20241119
172,경기도 성남시 분당구 백현동 496번지,41135,11000,0,0496,0000,10891122453,0,2120051910000002,1,일반,2,일반건축물,경기도 성남시 분당구 판교백현로 55-7 (백현동), , , , ,1,411353352601,11002,0,55,7,1310, , ,보전녹지지역, , ,20220909
173,경기도 성남시 분당구 백현동 500-7번지,41135,11000,0,0500,0007,10891100344072,0,2120211910000235,1,일반,2,일반건축물,경기도 성남시 분당구 판교백현로 61 (백현동),럭스카페빌딩, , , ,2,411353352601,11002,0,61,0,UQA001, ,UNE412,도시지역, , ,20220909
174,경기도 성남시 분당구 백현동 500-8번지,41135,11000,0,0500,0008,10891126170,0,2120061910000053,1,일반,2,일반건축물,경기도 성남시 분당구 판교백현로 63 (백현동), , , , ,0,411353352601,11002,0,63,0,1310, , ,보전녹지지역, , ,20220909
175,경기도 성남시 분당구 백현동 500-9번지,41135,11000,0,0500,0009,10891125021,0,2120071910000005,1,일반,2,일반건축물,경기도 성남시 분당구 판교백현로 65 (백현동), , , , ,0,411353352601,11002,0,65,0,1310, , ,보전녹지지역, , ,20221213
176,경기도 성남시 분당구 백현동 500-13번지,41135,11000,0,0500,0013,10891124319,0,2120041910007226,1,일반,2,일반건축물,경기도 성남시 분당구 판교백현로 53 (백현동), , , , ,0,411353352601,11002,0,53,0,1310,990,990,보전녹지지역,기타지구,기타구역,20220909
177,경기도 성남시 분당구 백현동 500-14번지,41135,11000,0,0500,0014,10891100243921,0,2120131910000268,1,일반,2,일반건축물,경기도 성남시 분당구 판교백현로 51 (백현동), , , , ,0,411353352601,11002,0,51,0,1310, , ,보전녹지지역, , ,20241017
178,경기도 성남시 분당구 백현동 500-15번지,41135,11000,0,0500,0015,10891100313802,0,2120191910000026,1,일반,2,일반건축물,경기도 성남시 분당구 안양판교로1201번길 57 (백현동), , , , ,1,411354340290,11002,0,57,0,1310, , ,보전녹지지역, , ,20220909
179,경기도 성남시 분당구 백현동 500-15번지,41135,11000,0,0500,0015,10891126079,0,2120041910007227,1,일반,2,일반건축물,경기도 성남시 분당구 판교백현로 57 (백현동), , , , ,0,411353352601,11002,0,57,0,1310, , ,보전녹지지역, , ,20220909
180,경기도 성남시 분당구 백현동 501번지,41135,11000,0,0501,0000,10891125492,0,2120041910007228,1,일반,2,일반건축물,경기도 성남시 분당구 판교백현로 67-9 (백현동), , , , ,0,411353352601,11002,0,67,9,1310, , ,보전녹지지역, , ,20220909
181,경기도 성남시 분당구 백현동 501-1번지,41135,11000,0,0501,0001,10891122871,0,2120041910007229,1,일반,2,일반건축물,경기도 성남시 분당구 판교백현로 67-7 (백현동), , , , ,0,411353352601,11002,0,67,7,1310, , ,보전녹지지역, , ,20220909
182,경기도 성남시 분당구 백현동 502번지,41135,11000,0,0502,0000,10891100302797,0,2120181910000013,1,일반,2,일반건축물,경기도 성남시 분당구 판교백현로 67-12 (백현동),백현동단독주택, , , ,0,411353352601,11002,0,67,12,UQA410, ,UML100,보전녹지지역, ,배수구역,20250530
183,경기도 성남시 분당구 백현동 502번지,41135,11000,0,0502,0000,10891100302798,0,2120181910000014,1,일반,2,일반건축물,경기도 성남시 분당구 판교백현로 67-12 (백현동),백현동단독주택, , , ,0,411353352601,11002,0,67,12, , , , , , ,20250530
184,경기도 성남시 분당구 백현동 502번지,41135,11000,0,0502,0000,10891100212630,0,2120101910000625,1,일반,2,일반건축물,경기도 성남시 분당구 판교백현로 67-12 (백현동),백현동단독주택, , , ,0,411353352601,11002,0,67,12,1310, ,990,보전녹지지역, ,기타구역,20220909
185,경기도 성남시 분당구 백현동 502-2번지,41135,11000,0,0502,0002,10891100197204,0,2120091910000638,1,일반,2,일반건축물,경기도 성남시 분당구 판교백현로 67-11 (백현동), , , , ,0,411353352601,11002,0,67,11,1310, , ,보전녹지지역, , ,20220909
186,경기도 성남시 분당구 백현동 502-6번지,41135,11000,0,0502,0006,10891124662,0,2120041910007231,1,일반,2,일반건축물,경기도 성남시 분당구 판교백현로 67-19 (백현동), , , , ,0,411353352601,11002,0,67,19,1310, , ,보전녹지지역, , ,20220909
187,경기도 성남시 분당구 백현동 502-7번지,41135,11000,0,0502,0007,10891100203595,0,2120091910001013,1,일반,2,일반건축물,경기도 성남시 분당구 판교백현로 67-17 (백현동), , , , ,0,411353352601,11002,0,67,17,1310, , ,보전녹지지역, , ,20220909
188,경기도 성남시 분당구 백현동 502-8번지,41135,11000,0,0502,0008,10891100216400,0,2120101910001008,1,일반,2,일반건축물,경기도 성남시 분당구 판교백현로 67-15 (백현동), , , , ,0,411353352601,11002,0,67,15,1310, , ,보전녹지지역, , ,20220909
189,경기도 성남시 분당구 백현동 502-9번지,41135,11000,0,0502,0009,10891100280908,0,2120161910000161,1,일반,2,일반건축물,경기도 성남시 분당구 판교백현로 67-13 (백현동), , , , ,0,411353352601,11002,0,67,13,UQA410,UNE412,UML200,보전녹지지역,비행안전제2구역(전술),하수처리구역,20220909
190,경기도 성남시 분당구 백현동 504번지,41135,11000,0,0504,0000,10891123533,0,2120041910007232,1,일반,2,일반건축물,경기도 성남시 분당구 판교백현로 67-25 (백현동), , , , ,0,411353352601,11002,0,67,25,1310, , ,보전녹지지역, , ,20220909
191,경기도 성남시 분당구 백현동 504-4번지,41135,11000,0,0504,0004,10891122331,0,2120041910007233,1,일반,2,일반건축물,경기도 성남시 분당구 판교백현로 87-6 (백현동),화이트빌B동, , , ,1,411353352601,11002,0,87,6,1310, , ,보전녹지지역, , ,20220909
192,경기도 성남시 분당구 백현동 504-7번지,41135,11000,0,0504,0007,10891100247184,10891100247183,2120141910000094,1,일반,2,일반건축물,경기도 성남시 분당구 판교백현로 95 (백현동),1동(본건물), , , ,1,411353352601,11002,0,95,0, , , , , , ,20220909
193,경기도 성남시 분당구 백현동 504-7번지,41135,11000,0,0504,0007,10891100247185,10891100247183,2120141910000095,1,일반,2,일반건축물,경기도 성남시 분당구 판교백현로 95 (백현동),2동(한식정자), , , ,1,411353352601,11002,0,95,0, , , , , , ,20220909
194,경기도 성남시 분당구 백현동 504-7번지,41135,11000,0,0504,0007,10891100247183,0,2020141910000002,1,일반,1,총괄표제부,경기도 성남시 분당구 판교백현로 95 (백현동),"1동(본건물),2동(한식정자)", , , ,2,411353352601,11002,0,95,0,UQA410, ,UML200,보전녹지지역, ,하수처리구역,20220909
195,경기도 성남시 분당구 백현동 504-10번지,41135,11000,0,0504,0010,10891100281527,0,2120161910000175,1,일반,2,일반건축물,경기도 성남시 분당구 판교백현로 107 (백현동), , , , ,1,411353352601,11002,0,107,0,UQA001, ,UOC999,도시지역, ,보호구역기타,20220909
196,경기도 성남시 분당구 백현동 504-17번지,41135,11000,0,0504,0017,10891100307447,0,2120181910000083,1,일반,2,일반건축물,경기도 성남시 분당구 판교백현로 67-23 (백현동), , , , ,0,411353352601,11002,0,67,23,UQA410, , ,보전녹지지역, , ,20220909
197,경기도 성남시 분당구 백현동 504-18번지,41135,11000,0,0504,0018,10891125298,0,2120061910000113,1,일반,2,일반건축물,경기도 성남시 분당구 판교백현로 67-21 (백현동),그린하우스, , , ,0,411353352601,11002,0,67,21,1310, , ,보전녹지지역, , ,20241008
198,경기도 성남시 분당구 백현동 504-23번지,41135,11000,0,0504,0023,10891125002,0,2120041910007235,1,일반,2,일반건축물,경기도 성남시 분당구 판교백현로 87-6 (백현동),화이트빌 A동, , , ,2,411353352601,11002,0,87,6,1310, , ,보전녹지지역, , ,20220909
199,경기도 성남시 분당구 백현동 511-25번지,41135,11000,0,0511,0025,10891100182629,10891117699,2120081910000603,1,일반,2,일반건축물,경기도 성남시 분당구 판교백현로 161 (백현동),남서울골프장, , , ,60,411353352601,11002,0,161,0, , , , , , ,20220909
200,경기도 성남시 분당구 백현동 511-25번지,41135,11000,0,0511,0025,10891100246745,10891117699,2120141910000076,1,일반,2,일반건축물,경기도 성남시 분당구 판교백현로 161 (백현동),남서울골프장, , , ,59,411353352601,11002,0,161,0,UQA410, , ,보전녹지지역, , ,20220909
201,경기도 성남시 분당구 백현동 511-25번지,41135,11000,0,0511,0025,10891100182637,10891117699,2120081910000611,1,일반,2,일반건축물,경기도 성남시 분당구 판교백현로 161 (백현동),남서울골프장, , , ,59,411353352601,11002,0,161,0, , , , , , ,20220909
202,경기도 성남시 분당구 백현동 511-25번지,41135,11000,0,0511,0025,10891100182641,10891117699,2120081910000615,1,일반,2,일반건축물,경기도 성남시 분당구 판교백현로 161 (백현동),남서울골프장, , , ,59,411353352601,11002,0,161,0, , , , , , ,20220909
203,경기도 성남시 분당구 백현동 511-25번지,41135,11000,0,0511,0025,10891100182630,10891117699,2120081910000604,1,일반,2,일반건축물,경기도 성남시 분당구 판교백현로 161 (백현동),남서울골프장, , , ,59,411353352601,11002,0,161,0, , , , , , ,20220909
204,경기도 성남시 분당구 백현동 511-25번지,41135,11000,0,0511,0025,10891100270087,10891117699,2120161910000063,1,일반,2,일반건축물,경기도 성남시 분당구 판교백현로 161 (백현동),남서울골프장, , , ,59,411353352601,11002,0,161,0, , , , , , ,20220909
205,경기도 성남시 분당구 백현동 511-25번지,41135,11000,0,0511,0025,10891100213027,10891117699,2120101910000653,1,일반,2,일반건축물,경기도 성남시 분당구 판교백현로 161 (백현동),남서울골프장, , , ,59,411353352601,11002,0,161,0,UQA410, , ,보전녹지지역, , ,20220909
206,경기도 성남시 분당구 백현동 511-25번지,41135,11000,0,0511,0025,10891100182642,10891117699,2120081910000616,1,일반,2,일반건축물,경기도 성남시 분당구 판교백현로 161 (백현동),남서울골프장, , , ,59,411353352601,11002,0,161,0, , , , , , ,20220909
207,경기도 성남시 분당구 백현동 511-25번지,41135,11000,0,0511,0025,10891100182634,10891117699,2120081910000608,1,일반,2,일반건축물,경기도 성남시 분당구 판교백현로 161 (백현동),남서울골프장, , , ,59,411353352601,11002,0,161,0, , , , , , ,20220909
208,경기도 성남시 분당구 백현동 511-25번지,41135,11000,0,0511,0025,10891100182631,10891117699,2120081910000605,1,일반,2,일반건축물,경기도 성남시 분당구 판교백현로 161 (백현동),남서울골프장, , , ,59,411353352601,11002,0,161,0, , , , , , ,20220909
209,경기도 성남시 분당구 백현동 511-25번지,41135,11000,0,0511,0025,10891100182632,10891117699,2120081910000606,1,일반,2,일반건축물,경기도 성남시 분당구 판교백현로 161 (백현동),남서울골프장, , , ,59,411353352601,11002,0,161,0, , , , , , ,20220909
210,경기도 성남시 분당구 백현동 511-25번지,41135,11000,0,0511,0025,10891100182633,10891117699,2120081910000607,1,일반,2,일반건축물,경기도 성남시 분당구 판교백현로 161 (백현동),남서울골프장, , , ,59,411353352601,11002,0,161,0, , , , , , ,20220909
211,경기도 성남시 분당구 백현동 511-25번지,41135,11000,0,0511,0025,10891100182638,10891117699,2120081910000612,1,일반,2,일반건축물,경기도 성남시 분당구 판교백현로 161 (백현동),남서울골프장, , , ,59,411353352601,11002,0,161,0, , , , , , ,20220909
212,경기도 성남시 분당구 백현동 511-25번지,41135,11000,0,0511,0025,10891100182639,10891117699,2120081910000613,1,일반,2,일반건축물,경기도 성남시 분당구 판교백현로 161 (백현동),남서울골프장, , , ,63,411353352601,11002,0,161,0, , , , , , ,20220909
213,경기도 성남시 분당구 백현동 511-25번지,41135,11000,0,0511,0025,10891100182640,10891117699,2120081910000614,1,일반,2,일반건축물,경기도 성남시 분당구 판교백현로 161 (백현동),남서울골프장, , , ,59,411353352601,11002,0,161,0, , , , , , ,20220909
214,경기도 성남시 분당구 백현동 511-25번지,41135,11000,0,0511,0025,10891100182643,10891117699,2120081910000617,1,일반,2,일반건축물,경기도 성남시 분당구 판교백현로 161 (백현동),남서울골프장, , , ,59,411353352601,11002,0,161,0, , , , , , ,20220909
215,경기도 성남시 분당구 백현동 511-25번지,41135,11000,0,0511,0025,10891100193276,10891117699,2120091910000498,1,일반,2,일반건축물,경기도 성남시 분당구 판교백현로 161 (백현동),남서울골프장, , , ,0,411353352601,11002,0,161,0, , , , , , ,20230704
216,경기도 성남시 분당구 백현동 511-25번지,41135,11000,0,0511,0025,10891100246743,10891117699,2120141910000074,1,일반,2,일반건축물,경기도 성남시 분당구 판교백현로 161 (백현동),남서울골프장, , , ,59,411353352601,11002,0,161,0,UQA410, , ,보전녹지지역, , ,20220909
217,경기도 성남시 분당구 백현동 511-25번지,41135,11000,0,0511,0025,10891118443,10891117699,2120041910006829,1,일반,2,일반건축물,경기도 성남시 분당구 판교백현로 161 (백현동),남서울골프장, , , ,59,411353352601,11002,0,161,0, , , , , , ,20220909
218,경기도 성남시 분당구 백현동 511-25번지,41135,11000,0,0511,0025,10891100193277,10891117699,2120091910000499,1,일반,2,일반건축물,경기도 성남시 분당구 판교백현로 161 (백현동),남서울 골프장 부대시설, , , ,59,411353352601,11002,0,161,0, , , , , , ,20220909
219,경기도 성남시 분당구 백현동 511-25번지,41135,11000,0,0511,0025,10891118442,10891117699,2120041910006830,1,일반,2,일반건축물,경기도 성남시 분당구 판교백현로 161 (백현동),남서울골프장, , , ,59,411353352601,11002,0,161,0, , , , , , ,20250414
220,경기도 성남시 분당구 백현동 511-25번지,41135,11000,0,0511,0025,10891117699,0,2020041910000371,1,일반,1,총괄표제부,경기도 성남시 분당구 판교백현로 161 (백현동),남서울골프장, , , ,59,411353352601,11002,0,161,0,1310, , ,보전녹지지역, , ,20230704
221,경기도 성남시 분당구 백현동 511-25번지,41135,11000,0,0511,0025,10891100246744,10891117699,2120141910000075,1,일반,2,일반건축물,경기도 성남시 분당구 판교백현로 161 (백현동),남서울골프장, , , ,59,411353352601,11002,0,161,0,UQA410, , ,보전녹지지역, , ,20220909
222,경기도 성남시 분당구 백현동 516-15번지,41135,11000,0,0516,0015,10891100299267,0,2120171910000145,1,일반,2,일반건축물,경기도 성남시 분당구 판교백현로 82 (백현동),정산별서, , , ,0,411353352601,11002,0,82,0,UQA410, ,UOA120,보전녹지지역, ,상대보호구역,20220909
223,경기도 성남시 분당구 백현동 516-15번지,41135,11000,0,0516,0015,10891100299268,0,2120171910000146,1,일반,2,일반건축물,경기도 성남시 분당구 판교백현로 82 (백현동),정산별서, , , ,0,411353352601,11002,0,82,0,UQA410, ,UOA120,보전녹지지역, ,상대보호구역,20220909
224,경기도 성남시 분당구 백현동 516-21번지,41135,11000,0,0516,0021,10891100343238,0,2120211910000205,1,일반,2,일반건축물,경기도 성남시 분당구 판교백현로 32 (백현동), , , , ,2,411353352601,11002,0,32,0,UQA410, ,UQQ300,보전녹지지역, ,지구단위계획구역,20240923
225,경기도 성남시 분당구 백현동 518번지,41135,11000,0,0518,0000,10891100215742,0,2020101910000038,1,일반,1,총괄표제부, ,판교연계설비동, , , ,0, , ,0,0,0,UQA001, ,UQQ310,도시지역, ,제1종지구단위계획구역,20230711
226,경기도 성남시 분당구 백현동 520번지,41135,11000,0,0520,0000,10891100183734,0,2120091910000057,1,일반,2,일반건축물,경기도 성남시 분당구 대왕판교로 572 (백현동), , , , ,0,411353180005,11003,0,572,0,1030,280,301,준주거지역,택지개발예정지구,제1종지구단위계획구역,20220909
227,경기도 성남시 분당구 백현동 521번지,41135,11000,0,0521,0000,10891100323633,10891100197819,2120201910000010,1,일반,2,일반건축물,경기도 성남시 분당구 대왕판교로560번길 9 (백현동),한국가스공사 판교관리소,성남판교(택) 공공시설용지 가스공급시설 가스-01, , ,0,411354340052,11001,0,9,0,1330, , ,자연녹지지역, , ,20220909
228,경기도 성남시 분당구 백현동 521번지,41135,11000,0,0521,0000,10891100197821,10891100197819,2120091910000686,1,일반,2,일반건축물,경기도 성남시 분당구 대왕판교로560번길 9 (백현동),한국가스공사 판교관리소,성남판교(택) 공공시설용지 가스공급시설 가스-01, , ,0,411354340052,11001,0,9,0,1330, , ,자연녹지지역, , ,20250213
229,경기도 성남시 분당구 백현동 521번지,41135,11000,0,0521,0000,10891100197820,10891100197819,2120091910000685,1,일반,2,일반건축물,경기도 성남시 분당구 대왕판교로560번길 9 (백현동),한국가스공사 판교관리소,성남판교(택) 공공시설용지 가스공급시설 가스-01, , ,0,411354340052,11001,0,9,0,1330, , ,자연녹지지역, , ,20220909
230,경기도 성남시 분당구 백현동 521번지,41135,11000,0,0521,0000,10891100197822,10891100197819,2120091910000687,1,일반,2,일반건축물,경기도 성남시 분당구 대왕판교로560번길 9 (백현동),한국가스공사 판교관리소,성남판교(택) 공공시설용지 가스공급시설 가스-01, , ,0,411354340052,11001,0,9,0,1330, , ,자연녹지지역, , ,20220909
231,경기도 성남시 분당구 백현동 521번지,41135,11000,0,0521,0000,10891100197819,0,2020091910000041,1,일반,1,총괄표제부,경기도 성남시 분당구 대왕판교로560번길 9 (백현동),한국가스공사 판교관리소,성남판교(택) 공공시설용지 가스공급시설 가스-01, , ,0,411354340052,11001,0,9,0,1330, , ,자연녹지지역, , ,20250213
232,경기도 성남시 분당구 백현동 522번지,41135,11000,0,0522,0000,10891100196570,0,2120091910000604,1,일반,2,일반건축물,경기도 성남시 분당구 서현로 20 (백현동),성남판교자동크린넷-4, , , ,0,411353180034,11004,0,20,0,1030, ,301,준주거지역, ,제1종지구단위계획구역,20240923
233,경기도 성남시 분당구 백현동 523번지,41135,11000,0,0523,0000,1000000000000006715703,10891100349852,2120251916351765,1,일반,2,일반건축물,경기도 성남시 분당구 판교역로 87 (백현동),초소, , , ,0,411353179025,11002,0,87,0,UQA001,UNE412,UQQ300,도시지역,비행안전제2구역(전술),지구단위계획구역,20251114
234,경기도 성남시 분당구 백현동 523번지,41135,11000,0,0523,0000,10891100247403,10891100349852,2120141910000107,1,일반,2,일반건축물,경기도 성남시 분당구 판교역로 75 (백현동),판교어린이도서관, , , ,1,411353179025,11002,0,75,0,UQA001,UNE412,UQQ310,도시지역,비행안전제2구역(전술),제1종지구단위계획구역,20240923
235,경기도 성남시 분당구 백현동 523번지,41135,11000,0,0523,0000,10891100349852,0,2020221910000002,1,일반,1,총괄표제부, , , , , ,0, , ,0,0,0,UQA001, ,UQQ310,도시지역, ,제1종지구단위계획구역,20251114
236,경기도 성남시 분당구 백현동 523번지,41135,11000,0,0523,0000,10891100349851,10891100349852,2120221910000022,1,일반,2,일반건축물,경기도 성남시 분당구 판교역로 87 (백현동),백현하나어린이집, , , ,1,411353179025,11002,0,87,0,UQA001,UNE412,UQQ310,도시지역,비행안전제2구역(전술),제1종지구단위계획구역,20240923
237,경기도 성남시 분당구 백현동 524번지,41135,11000,0,0524,0000,10891100337613,10891100355031,2120211910000042,1,일반,2,일반건축물,경기도 성남시 분당구 대왕판교로560번길 73 (백현동), , , , ,0,411354340052,11001,0,73,0, , , , , , ,20220909
238,경기도 성남시 분당구 백현동 524번지,41135,11000,0,0524,0000,10891100337611,10891100355031,2120211910000040,1,일반,2,일반건축물,경기도 성남시 분당구 대왕판교로560번길 73 (백현동), , , , ,0,411354340052,11001,0,73,0, , , , , , ,20220909
239,경기도 성남시 분당구 백현동 524번지,41135,11000,0,0524,0000,10891100337614,10891100355031,2120211910000043,1,일반,2,일반건축물,경기도 성남시 분당구 대왕판교로560번길 73 (백현동), , , , ,0,411354340052,11001,0,73,0, , , , , , ,20220909
240,경기도 성남시 분당구 백현동 524번지,41135,11000,0,0524,0000,10891100337612,10891100355031,2120211910000041,1,일반,2,일반건축물,경기도 성남시 분당구 대왕판교로560번길 73 (백현동), , , , ,0,411354340052,11001,0,73,0, , , , , , ,20220909
241,경기도 성남시 분당구 백현동 524번지,41135,11000,0,0524,0000,10891100337615,10891100355031,2120211910000044,1,일반,2,일반건축물,경기도 성남시 분당구 대왕판교로560번길 73 (백현동), , , , ,0,411354340052,11001,0,73,0, , , , , , ,20220909
242,경기도 성남시 분당구 백현동 524번지,41135,11000,0,0524,0000,10891100354472,10891100355031,2120221910000151,1,일반,2,일반건축물,경기도 성남시 분당구 대왕판교로560번길 73 (백현동), , , , ,0,411354340052,11001,0,73,0,1330, , ,자연녹지지역, , ,20220909
243,경기도 성남시 분당구 백현동 524번지,41135,11000,0,0524,0000,10891100355031,0,2020221910000012,1,일반,1,총괄표제부,경기도 성남시 분당구 대왕판교로560번길 73 (백현동), , , , ,0,411354340052,11001,0,73,0, , , , , , ,20220909
244,경기도 성남시 분당구 백현동 525번지,41135,11000,0,0525,0000,10891100198041,10891100198022,2220091910012866,2,집합,4,전유부,경기도 성남시 분당구 판교역로 49 (백현동),백현마을, , , ,0,411353179025,11002,0,49,0, , , , , , ,20220909
245,경기도 성남시 분당구 백현동 525번지,41135,11000,0,0525,0000,10891100198092,10891100198085,2220091910012914,2,집합,4,전유부,경기도 성남시 분당구 판교역로 49 (백현동),백현마을, , , ,0,411353179025,11002,0,49,0, , , , , , ,20220909
246,경기도 성남시 분당구 백현동 525번지,41135,11000,0,0525,0000,10891100198159,10891100198148,2220091910012978,2,집합,4,전유부,경기도 성남시 분당구 판교역로 49 (백현동),백현마을, , , ,0,411353179025,11002,0,49,0, , , , , , ,20220909
247,경기도 성남시 분당구 백현동 525번지,41135,11000,0,0525,0000,10891100198055,10891100198043,2220091910012879,2,집합,4,전유부,경기도 성남시 분당구 판교역로 49 (백현동),백현마을, , , ,0,411353179025,11002,0,49,0, , , , , , ,20220909
248,경기도 성남시 분당구 백현동 525번지,41135,11000,0,0525,0000,10891100197964,10891100197938,2220091910012793,2,집합,4,전유부,경기도 성남시 분당구 판교역로 49 (백현동),백현마을, , , ,0,411353179025,11002,0,49,0, , , , , , ,20220909
249,경기도 성남시 분당구 백현동 525번지,41135,11000,0,0525,0000,10891100197897,10891100197882,2220091910012728,2,집합,4,전유부,경기도 성남시 분당구 판교역로 49 (백현동),백현마을, , , ,0,411353179025,11002,0,49,0, , , , , , ,20220909
250,경기도 성남시 분당구 백현동 525번지,41135,11000,0,0525,0000,10891100197911,10891100197910,2220091910012741,2,집합,4,전유부,경기도 성남시 분당구 판교역로 49 (백현동),백현마을, , , ,0,411353179025,11002,0,49,0, , , , , , ,20220909
251,경기도 성남시 분당구 백현동 525번지,41135,11000,0,0525,0000,10891100197983,10891100197971,2220091910012810,2,집합,4,전유부,경기도 성남시 분당구 판교역로 49 (백현동),백현마을, , , ,0,411353179025,11002,0,49,0, , , , , , ,20220909
252,경기도 성남시 분당구 백현동 525번지,41135,11000,0,0525,0000,10891100198058,10891100198043,2220091910012882,2,집합,4,전유부,경기도 성남시 분당구 판교역로 49 (백현동),백현마을, , , ,0,411353179025,11002,0,49,0, , , , , , ,20220909
253,경기도 성남시 분당구 백현동 525번지,41135,11000,0,0525,0000,10891100198155,10891100198148,2220091910012974,2,집합,4,전유부,경기도 성남시 분당구 판교역로 49 (백현동),백현마을, , , ,0,411353179025,11002,0,49,0, , , , , , ,20220909
254,경기도 성남시 분당구 백현동 525번지,41135,11000,0,0525,0000,10891100198208,10891100197831,2120091910000718,2,집합,3,표제부,경기도 성남시 분당구 판교역로 49 (백현동),백현마을, , , ,0,411353179025,11002,0,49,0, , , , , , ,20220909
255,경기도 성남시 분당구 백현동 525번지,41135,11000,0,0525,0000,10891100197909,10891100197882,2220091910012740,2,집합,4,전유부,경기도 성남시 분당구 판교역로 49 (백현동),백현마을, , , ,0,411353179025,11002,0,49,0, , , , , , ,20220909
256,경기도 성남시 분당구 백현동 525번지,41135,11000,0,0525,0000,10891100197952,10891100197938,2220091910012781,2,집합,4,전유부,경기도 성남시 분당구 판교역로 49 (백현동),백현마을, , , ,0,411353179025,11002,0,49,0, , , , , , ,20220909
257,경기도 성남시 분당구 백현동 525번지,41135,11000,0,0525,0000,10891100197988,10891100197971,2220091910012815,2,집합,4,전유부,경기도 성남시 분당구 판교역로 49 (백현동),백현마을, , , ,0,411353179025,11002,0,49,0, , , , , , ,20220909
258,경기도 성남시 분당구 백현동 525번지,41135,11000,0,0525,0000,10891100198018,10891100197991,2220091910012844,2,집합,4,전유부,경기도 성남시 분당구 판교역로 49 (백현동),백현마을, , , ,0,411353179025,11002,0,49,0, , , , , , ,20220909
259,경기도 성남시 분당구 백현동 525번지,41135,11000,0,0525,0000,10891100198038,10891100198022,2220091910012863,2,집합,4,전유부,경기도 성남시 분당구 판교역로 49 (백현동),백현마을, , , ,0,411353179025,11002,0,49,0, , , , , , ,20220909
260,경기도 성남시 분당구 백현동 525번지,41135,11000,0,0525,0000,10891100198075,10891100198064,2220091910012898,2,집합,4,전유부,경기도 성남시 분당구 판교역로 49 (백현동),백현마을, , , ,0,411353179025,11002,0,49,0, , , , , , ,20220909
261,경기도 성남시 분당구 백현동 525번지,41135,11000,0,0525,0000,10891100197960,10891100197938,2220091910012789,2,집합,4,전유부,경기도 성남시 분당구 판교역로 49 (백현동),백현마을, , , ,0,411353179025,11002,0,49,0, , , , , , ,20220909
262,경기도 성남시 분당구 백현동 525번지,41135,11000,0,0525,0000,10891100198083,10891100198064,2220091910012906,2,집합,4,전유부,경기도 성남시 분당구 판교역로 49 (백현동),백현마을, , , ,0,411353179025,11002,0,49,0, , , , , , ,20220909
263,경기도 성남시 분당구 백현동 525번지,41135,11000,0,0525,0000,10891100198197,10891100198169,2220091910013015,2,집합,4,전유부,경기도 성남시 분당구 판교역로 49 (백현동),백현마을, , , ,0,411353179025,11002,0,49,0, , , , , , ,20220909
264,경기도 성남시 분당구 백현동 525번지,41135,11000,0,0525,0000,10891100197851,10891100197832,2220091910012684,2,집합,4,전유부,경기도 성남시 분당구 판교역로 49 (백현동),백현마을, , , ,0,411353179025,11002,0,49,0, , , , , , ,20220909
265,경기도 성남시 분당구 백현동 525번지,41135,11000,0,0525,0000,10891100198069,10891100198064,2220091910012892,2,집합,4,전유부,경기도 성남시 분당구 판교역로 49 (백현동),백현마을, , , ,0,411353179025,11002,0,49,0, , , , , , ,20220909
266,경기도 성남시 분당구 백현동 525번지,41135,11000,0,0525,0000,10891100198203,10891100197831,2120091910000713,2,집합,3,표제부,경기도 성남시 분당구 판교역로 49 (백현동),백현마을, , , ,0,411353179025,11002,0,49,0, , , , , , ,20220909
267,경기도 성남시 분당구 백현동 525번지,41135,11000,0,0525,0000,10891100198210,10891100197831,2120091910000720,2,집합,3,표제부,경기도 성남시 분당구 판교역로 49 (백현동),백현마을, , , ,0,411353179025,11002,0,49,0, , , , , , ,20220909
268,경기도 성남시 분당구 백현동 525번지,41135,11000,0,0525,0000,10891100197907,10891100197882,2220091910012738,2,집합,4,전유부,경기도 성남시 분당구 판교역로 49 (백현동),백현마을, , , ,0,411353179025,11002,0,49,0, , , , , , ,20220909
269,경기도 성남시 분당구 백현동 525번지,41135,11000,0,0525,0000,10891100198111,10891100198106,2220091910012932,2,집합,4,전유부,경기도 성남시 분당구 판교역로 49 (백현동),백현마을, , , ,0,411353179025,11002,0,49,0, , , , , , ,20220909
270,경기도 성남시 분당구 백현동 525번지,41135,11000,0,0525,0000,10891100197855,10891100197832,2220091910012688,2,집합,4,전유부,경기도 성남시 분당구 판교역로 49 (백현동),백현마을, , , ,0,411353179025,11002,0,49,0, , , , , , ,20220909
271,경기도 성남시 분당구 백현동 525번지,41135,11000,0,0525,0000,10891100197862,10891100197832,2220091910012695,2,집합,4,전유부,경기도 성남시 분당구 판교역로 49 (백현동),백현마을, , , ,0,411353179025,11002,0,49,0, , , , , , ,20220909
272,경기도 성남시 분당구 백현동 525번지,41135,11000,0,0525,0000,10891100198006,10891100197991,2220091910012832,2,집합,4,전유부,경기도 성남시 분당구 판교역로 49 (백현동),백현마을, , , ,0,411353179025,11002,0,49,0, , , , , , ,20220909
273,경기도 성남시 분당구 백현동 525번지,41135,11000,0,0525,0000,10891100197903,10891100197882,2220091910012734,2,집합,4,전유부,경기도 성남시 분당구 판교역로 49 (백현동),백현마을, , , ,0,411353179025,11002,0,49,0, , , , , , ,20220909
274,경기도 성남시 분당구 백현동 525번지,41135,11000,0,0525,0000,10891100197973,10891100197971,2220091910012800,2,집합,4,전유부,경기도 성남시 분당구 판교역로 49 (백현동),백현마을, , , ,0,411353179025,11002,0,49,0, , , , , , ,20220909
275,경기도 성남시 분당구 백현동 525번지,41135,11000,0,0525,0000,10891100198078,10891100198064,2220091910012901,2,집합,4,전유부,경기도 성남시 분당구 판교역로 49 (백현동),백현마을, , , ,0,411353179025,11002,0,49,0, , , , , , ,20220909
276,경기도 성남시 분당구 백현동 525번지,41135,11000,0,0525,0000,10891100197853,10891100197832,2220091910012686,2,집합,4,전유부,경기도 성남시 분당구 판교역로 49 (백현동),백현마을, , , ,0,411353179025,11002,0,49,0, , , , , , ,20220909
277,경기도 성남시 분당구 백현동 525번지,41135,11000,0,0525,0000,10891100198017,10891100197991,2220091910012843,2,집합,4,전유부,경기도 성남시 분당구 판교역로 49 (백현동),백현마을, , , ,0,411353179025,11002,0,49,0, , , , , , ,20220909
278,경기도 성남시 분당구 백현동 525번지,41135,11000,0,0525,0000,10891100197845,10891100197832,2220091910012678,2,집합,4,전유부,경기도 성남시 분당구 판교역로 49 (백현동),백현마을, , , ,0,411353179025,11002,0,49,0, , , , , , ,20220909
279,경기도 성남시 분당구 백현동 525번지,41135,11000,0,0525,0000,10891100197949,10891100197938,2220091910012778,2,집합,4,전유부,경기도 성남시 분당구 판교역로 49 (백현동),백현마을, , , ,0,411353179025,11002,0,49,0, , , , , , ,20220909
280,경기도 성남시 분당구 백현동 525번지,41135,11000,0,0525,0000,10891100197880,10891100197863,2220091910012712,2,집합,4,전유부,경기도 성남시 분당구 판교역로 49 (백현동),백현마을, , , ,0,411353179025,11002,0,49,0, , , , , , ,20220909
281,경기도 성남시 분당구 백현동 525번지,41135,11000,0,0525,0000,10891100198123,10891100198106,2220091910012944,2,집합,4,전유부,경기도 성남시 분당구 판교역로 49 (백현동),백현마을, , , ,0,411353179025,11002,0,49,0, , , , , , ,20220909
282,경기도 성남시 분당구 백현동 525번지,41135,11000,0,0525,0000,10891100197876,10891100197863,2220091910012708,2,집합,4,전유부,경기도 성남시 분당구 판교역로 49 (백현동),백현마을, , , ,0,411353179025,11002,0,49,0, , , , , , ,20220909
283,경기도 성남시 분당구 백현동 525번지,41135,11000,0,0525,0000,10891100197877,10891100197863,2220091910012709,2,집합,4,전유부,경기도 성남시 분당구 판교역로 49 (백현동),백현마을, , , ,0,411353179025,11002,0,49,0, , , , , , ,20220909
284,경기도 성남시 분당구 백현동 525번지,41135,11000,0,0525,0000,10891100197906,10891100197882,2220091910012737,2,집합,4,전유부,경기도 성남시 분당구 판교역로 49 (백현동),백현마을, , , ,0,411353179025,11002,0,49,0, , , , , , ,20220909
285,경기도 성남시 분당구 백현동 525번지,41135,11000,0,0525,0000,10891100198000,10891100197991,2220091910012826,2,집합,4,전유부,경기도 성남시 분당구 판교역로 49 (백현동),백현마을, , , ,0,411353179025,11002,0,49,0, , , , , , ,20220909
286,경기도 성남시 분당구 백현동 525번지,41135,11000,0,0525,0000,10891100198059,10891100198043,2220091910012883,2,집합,4,전유부,경기도 성남시 분당구 판교역로 49 (백현동),백현마을, , , ,0,411353179025,11002,0,49,0, , , , , , ,20220909
287,경기도 성남시 분당구 백현동 525번지,41135,11000,0,0525,0000,10891100198062,10891100198043,2220091910012886,2,집합,4,전유부,경기도 성남시 분당구 판교역로 49 (백현동),백현마을, , , ,0,411353179025,11002,0,49,0, , , , , , ,20220909
288,경기도 성남시 분당구 백현동 525번지,41135,11000,0,0525,0000,10891100198110,10891100198106,2220091910012931,2,집합,4,전유부,경기도 성남시 분당구 판교역로 49 (백현동),백현마을, , , ,0,411353179025,11002,0,49,0, , , , , , ,20220909
289,경기도 성남시 분당구 백현동 525번지,41135,11000,0,0525,0000,10891100198167,10891100198148,2220091910012986,2,집합,4,전유부,경기도 성남시 분당구 판교역로 49 (백현동),백현마을, , , ,0,411353179025,11002,0,49,0, , , , , , ,20220909
290,경기도 성남시 분당구 백현동 525번지,41135,11000,0,0525,0000,10891100198186,10891100198169,2220091910013004,2,집합,4,전유부,경기도 성남시 분당구 판교역로 49 (백현동),백현마을, , , ,0,411353179025,11002,0,49,0, , , , , , ,20220909
291,경기도 성남시 분당구 백현동 525번지,41135,11000,0,0525,0000,10891100198001,10891100197991,2220091910012827,2,집합,4,전유부,경기도 성남시 분당구 판교역로 49 (백현동),백현마을, , , ,0,411353179025,11002,0,49,0, , , , , , ,20220909
292,경기도 성남시 분당구 백현동 525번지,41135,11000,0,0525,0000,10891100198125,10891100198106,2220091910012946,2,집합,4,전유부,경기도 성남시 분당구 판교역로 49 (백현동),백현마을, , , ,0,411353179025,11002,0,49,0, , , , , , ,20220909
293,경기도 성남시 분당구 백현동 525번지,41135,11000,0,0525,0000,10891100198174,10891100198169,2220091910012992,2,집합,4,전유부,경기도 성남시 분당구 판교역로 49 (백현동),백현마을, , , ,0,411353179025,11002,0,49,0, , , , , , ,20220909
294,경기도 성남시 분당구 백현동 525번지,41135,11000,0,0525,0000,10891100198179,10891100198169,2220091910012997,2,집합,4,전유부,경기도 성남시 분당구 판교역로 49 (백현동),백현마을, , , ,0,411353179025,11002,0,49,0, , , , , , ,20220909
295,경기도 성남시 분당구 백현동 525번지,41135,11000,0,0525,0000,10891100197946,10891100197938,2220091910012775,2,집합,4,전유부,경기도 성남시 분당구 판교역로 49 (백현동),백현마을, , , ,0,411353179025,11002,0,49,0, , , , , , ,20220909
296,경기도 성남시 분당구 백현동 525번지,41135,11000,0,0525,0000,10891100197948,10891100197938,2220091910012777,2,집합,4,전유부,경기도 성남시 분당구 판교역로 49 (백현동),백현마을, , , ,0,411353179025,11002,0,49,0, , , , , , ,20220909
297,경기도 성남시 분당구 백현동 525번지,41135,11000,0,0525,0000,10891100198011,10891100197991,2220091910012837,2,집합,4,전유부,경기도 성남시 분당구 판교역로 49 (백현동),백현마을, , , ,0,411353179025,11002,0,49,0, , , , , , ,20220909
298,경기도 성남시 분당구 백현동 525번지,41135,11000,0,0525,0000,10891100198093,10891100198085,2220091910012915,2,집합,4,전유부,경기도 성남시 분당구 판교역로 49 (백현동),백현마을, , , ,0,411353179025,11002,0,49,0, , , , , , ,20220909
299,경기도 성남시 분당구 백현동 525번지,41135,11000,0,0525,0000,10891100198165,10891100198148,2220091910012984,2,집합,4,전유부,경기도 성남시 분당구 판교역로 49 (백현동),백현마을, , , ,0,411353179025,11002,0,49,0, , , , , , ,20220909
300,경기도 성남시 분당구 백현동 525번지,41135,11000,0,0525,0000,10891100198016,10891100197991,2220091910012842,2,집합,4,전유부,경기도 성남시 분당구 판교역로 49 (백현동),백현마을, , , ,0,411353179025,11002,0,49,0, , , , , , ,20220909
301,경기도 성남시 분당구 백현동 525번지,41135,11000,0,0525,0000,10891100198137,10891100198127,2220091910012957,2,집합,4,전유부,경기도 성남시 분당구 판교역로 49 (백현동),백현마을, , , ,0,411353179025,11002,0,49,0, , , , , , ,20220909
302,경기도 성남시 분당구 백현동 525번지,41135,11000,0,0525,0000,10891100197976,10891100197971,2220091910012803,2,집합,4,전유부,경기도 성남시 분당구 판교역로 49 (백현동),백현마을, , , ,0,411353179025,11002,0,49,0, , , , , , ,20220909
303,경기도 성남시 분당구 백현동 525번지,41135,11000,0,0525,0000,10891100198003,10891100197991,2220091910012829,2,집합,4,전유부,경기도 성남시 분당구 판교역로 49 (백현동),백현마을, , , ,0,411353179025,11002,0,49,0, , , , , , ,20220909
304,경기도 성남시 분당구 백현동 525번지,41135,11000,0,0525,0000,10891100198142,10891100198127,2220091910012962,2,집합,4,전유부,경기도 성남시 분당구 판교역로 49 (백현동),백현마을, , , ,0,411353179025,11002,0,49,0, , , , , , ,20220909
305,경기도 성남시 분당구 백현동 525번지,41135,11000,0,0525,0000,10891100198177,10891100198169,2220091910012995,2,집합,4,전유부,경기도 성남시 분당구 판교역로 49 (백현동),백현마을, , , ,0,411353179025,11002,0,49,0, , , , , , ,20220909
306,경기도 성남시 분당구 백현동 525번지,41135,11000,0,0525,0000,10891100197921,10891100197910,2220091910012751,2,집합,4,전유부,경기도 성남시 분당구 판교역로 49 (백현동),백현마을, , , ,0,411353179025,11002,0,49,0, , , , , , ,20220909
307,경기도 성남시 분당구 백현동 525번지,41135,11000,0,0525,0000,10891100197950,10891100197938,2220091910012779,2,집합,4,전유부,경기도 성남시 분당구 판교역로 49 (백현동),백현마을, , , ,0,411353179025,11002,0,49,0, , , , , , ,20220909
308,경기도 성남시 분당구 백현동 525번지,41135,11000,0,0525,0000,10891100197919,10891100197910,2220091910012749,2,집합,4,전유부,경기도 성남시 분당구 판교역로 49 (백현동),백현마을, , , ,0,411353179025,11002,0,49,0, , , , , , ,20220909
309,경기도 성남시 분당구 백현동 525번지,41135,11000,0,0525,0000,10891100198072,10891100198064,2220091910012895,2,집합,4,전유부,경기도 성남시 분당구 판교역로 49 (백현동),백현마을, , , ,0,411353179025,11002,0,49,0, , , , , , ,20220909
310,경기도 성남시 분당구 백현동 525번지,41135,11000,0,0525,0000,10891100197968,10891100197966,2220091910012796,2,집합,4,전유부,경기도 성남시 분당구 판교역로 49 (백현동),백현마을, , , ,0,411353179025,11002,0,49,0, , , , , , ,20250408
311,경기도 성남시 분당구 백현동 525번지,41135,11000,0,0525,0000,10891100198196,10891100198169,2220091910013014,2,집합,4,전유부,경기도 성남시 분당구 판교역로 49 (백현동),백현마을, , , ,0,411353179025,11002,0,49,0, , , , , , ,20220909
312,경기도 성남시 분당구 백현동 525번지,41135,11000,0,0525,0000,10891100198033,10891100198022,2220091910012858,2,집합,4,전유부,경기도 성남시 분당구 판교역로 49 (백현동),백현마을, , , ,0,411353179025,11002,0,49,0, , , , , , ,20220909
313,경기도 성남시 분당구 백현동 525번지,41135,11000,0,0525,0000,10891100198151,10891100198148,2220091910012970,2,집합,4,전유부,경기도 성남시 분당구 판교역로 49 (백현동),백현마을, , , ,0,411353179025,11002,0,49,0, , , , , , ,20220909
314,경기도 성남시 분당구 백현동 525번지,41135,11000,0,0525,0000,10891100198173,10891100198169,2220091910012991,2,집합,4,전유부,경기도 성남시 분당구 판교역로 49 (백현동),백현마을, , , ,0,411353179025,11002,0,49,0, , , , , , ,20220909
315,경기도 성남시 분당구 백현동 525번지,41135,11000,0,0525,0000,10891100197872,10891100197863,2220091910012704,2,집합,4,전유부,경기도 성남시 분당구 판교역로 49 (백현동),백현마을, , , ,0,411353179025,11002,0,49,0, , , , , , ,20220909
316,경기도 성남시 분당구 백현동 525번지,41135,11000,0,0525,0000,10891100198098,10891100198085,2220091910012920,2,집합,4,전유부,경기도 성남시 분당구 판교역로 49 (백현동),백현마을, , , ,0,411353179025,11002,0,49,0, , , , , , ,20220909
317,경기도 성남시 분당구 백현동 525번지,41135,11000,0,0525,0000,10891100197910,10891100197831,2120091910000697,2,집합,3,표제부,경기도 성남시 분당구 판교역로 49 (백현동),백현마을, , , ,0,411353179025,11002,0,49,0, , , , , , ,20220909
318,경기도 성남시 분당구 백현동 525번지,41135,11000,0,0525,0000,10891100198106,10891100197831,2120091910000706,2,집합,3,표제부,경기도 성남시 분당구 판교역로 49 (백현동),백현마을, , , ,0,411353179025,11002,0,49,0, , , , , , ,20220909
319,경기도 성남시 분당구 백현동 525번지,41135,11000,0,0525,0000,10891100197879,10891100197863,2220091910012711,2,집합,4,전유부,경기도 성남시 분당구 판교역로 49 (백현동),백현마을, , , ,0,411353179025,11002,0,49,0, , , , , , ,20220909
320,경기도 성남시 분당구 백현동 525번지,41135,11000,0,0525,0000,10891100197850,10891100197832,2220091910012683,2,집합,4,전유부,경기도 성남시 분당구 판교역로 49 (백현동),백현마을, , , ,0,411353179025,11002,0,49,0, , , , , , ,20220909
321,경기도 성남시 분당구 백현동 525번지,41135,11000,0,0525,0000,10891100197886,10891100197882,2220091910012717,2,집합,4,전유부,경기도 성남시 분당구 판교역로 49 (백현동),백현마을, , , ,0,411353179025,11002,0,49,0, , , , , , ,20220909
322,경기도 성남시 분당구 백현동 525번지,41135,11000,0,0525,0000,10891100198194,10891100198169,2220091910013012,2,집합,4,전유부,경기도 성남시 분당구 판교역로 49 (백현동),백현마을, , , ,0,411353179025,11002,0,49,0, , , , , , ,20220909
323,경기도 성남시 분당구 백현동 525번지,41135,11000,0,0525,0000,10891100197871,10891100197863,2220091910012703,2,집합,4,전유부,경기도 성남시 분당구 판교역로 49 (백현동),백현마을, , , ,0,411353179025,11002,0,49,0, , , , , , ,20220909
324,경기도 성남시 분당구 백현동 525번지,41135,11000,0,0525,0000,10891100197982,10891100197971,2220091910012809,2,집합,4,전유부,경기도 성남시 분당구 판교역로 49 (백현동),백현마을, , , ,0,411353179025,11002,0,49,0, , , , , , ,20220909
325,경기도 성남시 분당구 백현동 525번지,41135,11000,0,0525,0000,10891100198025,10891100198022,2220091910012850,2,집합,4,전유부,경기도 성남시 분당구 판교역로 49 (백현동),백현마을, , , ,0,411353179025,11002,0,49,0, , , , , , ,20220909
326,경기도 성남시 분당구 백현동 525번지,41135,11000,0,0525,0000,10891100198149,10891100198148,2220091910012968,2,집합,4,전유부,경기도 성남시 분당구 판교역로 49 (백현동),백현마을, , , ,0,411353179025,11002,0,49,0, , , , , , ,20220909
327,경기도 성남시 분당구 백현동 525번지,41135,11000,0,0525,0000,10891100197833,10891100197832,2220091910012666,2,집합,4,전유부,경기도 성남시 분당구 판교역로 49 (백현동),백현마을, , , ,0,411353179025,11002,0,49,0, , , , , , ,20220909
328,경기도 성남시 분당구 백현동 525번지,41135,11000,0,0525,0000,10891100197936,10891100197910,2220091910012766,2,집합,4,전유부,경기도 성남시 분당구 판교역로 49 (백현동),백현마을, , , ,0,411353179025,11002,0,49,0, , , , , , ,20220909
329,경기도 성남시 분당구 백현동 525번지,41135,11000,0,0525,0000,10891100198131,10891100198127,2220091910012951,2,집합,4,전유부,경기도 성남시 분당구 판교역로 49 (백현동),백현마을, , , ,0,411353179025,11002,0,49,0, , , , , , ,20220909
330,경기도 성남시 분당구 백현동 525번지,41135,11000,0,0525,0000,10891100197912,10891100197910,2220091910012742,2,집합,4,전유부,경기도 성남시 분당구 판교역로 49 (백현동),백현마을, , , ,0,411353179025,11002,0,49,0, , , , , , ,20220909
331,경기도 성남시 분당구 백현동 525번지,41135,11000,0,0525,0000,10891100198052,10891100198043,2220091910012876,2,집합,4,전유부,경기도 성남시 분당구 판교역로 49 (백현동),백현마을, , , ,0,411353179025,11002,0,49,0, , , , , , ,20220909
332,경기도 성남시 분당구 백현동 525번지,41135,11000,0,0525,0000,10891100198057,10891100198043,2220091910012881,2,집합,4,전유부,경기도 성남시 분당구 판교역로 49 (백현동),백현마을, , , ,0,411353179025,11002,0,49,0, , , , , , ,20220909
333,경기도 성남시 분당구 백현동 525번지,41135,11000,0,0525,0000,10891100198100,10891100198085,2220091910012922,2,집합,4,전유부,경기도 성남시 분당구 판교역로 49 (백현동),백현마을, , , ,0,411353179025,11002,0,49,0, , , , , , ,20220909
334,경기도 성남시 분당구 백현동 525번지,41135,11000,0,0525,0000,10891100198180,10891100198169,2220091910012998,2,집합,4,전유부,경기도 성남시 분당구 판교역로 49 (백현동),백현마을, , , ,0,411353179025,11002,0,49,0, , , , , , ,20220909
335,경기도 성남시 분당구 백현동 525번지,41135,11000,0,0525,0000,10891100197847,10891100197832,2220091910012680,2,집합,4,전유부,경기도 성남시 분당구 판교역로 49 (백현동),백현마을, , , ,0,411353179025,11002,0,49,0, , , , , , ,20220909
336,경기도 성남시 분당구 백현동 525번지,41135,11000,0,0525,0000,10891100198046,10891100198043,2220091910012870,2,집합,4,전유부,경기도 성남시 분당구 판교역로 49 (백현동),백현마을, , , ,0,411353179025,11002,0,49,0, , , , , , ,20220909
337,경기도 성남시 분당구 백현동 525번지,41135,11000,0,0525,0000,10891100198140,10891100198127,2220091910012960,2,집합,4,전유부,경기도 성남시 분당구 판교역로 49 (백현동),백현마을, , , ,0,411353179025,11002,0,49,0, , , , , , ,20220909
338,경기도 성남시 분당구 백현동 525번지,41135,11000,0,0525,0000,10891100197859,10891100197832,2220091910012692,2,집합,4,전유부,경기도 성남시 분당구 판교역로 49 (백현동),백현마을, , , ,0,411353179025,11002,0,49,0, , , , , , ,20220909
339,경기도 성남시 분당구 백현동 525번지,41135,11000,0,0525,0000,10891100197870,10891100197863,2220091910012702,2,집합,4,전유부,경기도 성남시 분당구 판교역로 49 (백현동),백현마을, , , ,0,411353179025,11002,0,49,0, , , , , , ,20220909
340,경기도 성남시 분당구 백현동 525번지,41135,11000,0,0525,0000,10891100197928,10891100197910,2220091910012758,2,집합,4,전유부,경기도 성남시 분당구 판교역로 49 (백현동),백현마을, , , ,0,411353179025,11002,0,49,0, , , , , , ,20220909
341,경기도 성남시 분당구 백현동 525번지,41135,11000,0,0525,0000,10891100197984,10891100197971,2220091910012811,2,집합,4,전유부,경기도 성남시 분당구 판교역로 49 (백현동),백현마을, , , ,0,411353179025,11002,0,49,0, , , , , , ,20220909
342,경기도 성남시 분당구 백현동 525번지,41135,11000,0,0525,0000,10891100197892,10891100197882,2220091910012723,2,집합,4,전유부,경기도 성남시 분당구 판교역로 49 (백현동),백현마을, , , ,0,411353179025,11002,0,49,0, , , , , , ,20220909
343,경기도 성남시 분당구 백현동 525번지,41135,11000,0,0525,0000,10891100197913,10891100197910,2220091910012743,2,집합,4,전유부,경기도 성남시 분당구 판교역로 49 (백현동),백현마을, , , ,0,411353179025,11002,0,49,0, , , , , , ,20220909
344,경기도 성남시 분당구 백현동 525번지,41135,11000,0,0525,0000,10891100198086,10891100198085,2220091910012908,2,집합,4,전유부,경기도 성남시 분당구 판교역로 49 (백현동),백현마을, , , ,0,411353179025,11002,0,49,0, , , , , , ,20220909
345,경기도 성남시 분당구 백현동 525번지,41135,11000,0,0525,0000,10891100197856,10891100197832,2220091910012689,2,집합,4,전유부,경기도 성남시 분당구 판교역로 49 (백현동),백현마을, , , ,0,411353179025,11002,0,49,0, , , , , , ,20220909
346,경기도 성남시 분당구 백현동 525번지,41135,11000,0,0525,0000,10891100197932,10891100197910,2220091910012762,2,집합,4,전유부,경기도 성남시 분당구 판교역로 49 (백현동),백현마을, , , ,0,411353179025,11002,0,49,0, , , , , , ,20220909
347,경기도 성남시 분당구 백현동 525번지,41135,11000,0,0525,0000,10891100197835,10891100197832,2220091910012668,2,집합,4,전유부,경기도 성남시 분당구 판교역로 49 (백현동),백현마을, , , ,0,411353179025,11002,0,49,0, , , , , , ,20220909
348,경기도 성남시 분당구 백현동 525번지,41135,11000,0,0525,0000,10891100197836,10891100197832,2220091910012669,2,집합,4,전유부,경기도 성남시 분당구 판교역로 49 (백현동),백현마을, , , ,0,411353179025,11002,0,49,0, , , , , , ,20220909
349,경기도 성남시 분당구 백현동 525번지,41135,11000,0,0525,0000,10891100197843,10891100197832,2220091910012676,2,집합,4,전유부,경기도 성남시 분당구 판교역로 49 (백현동),백현마을, , , ,0,411353179025,11002,0,49,0, , , , , , ,20220909
350,경기도 성남시 분당구 백현동 525번지,41135,11000,0,0525,0000,10891100197849,10891100197832,2220091910012682,2,집합,4,전유부,경기도 성남시 분당구 판교역로 49 (백현동),백현마을, , , ,0,411353179025,11002,0,49,0, , , , , , ,20220909
351,경기도 성남시 분당구 백현동 525번지,41135,11000,0,0525,0000,10891100197852,10891100197832,2220091910012685,2,집합,4,전유부,경기도 성남시 분당구 판교역로 49 (백현동),백현마을, , , ,0,411353179025,11002,0,49,0, , , , , , ,20220909
352,경기도 성남시 분당구 백현동 525번지,41135,11000,0,0525,0000,10891100197867,10891100197863,2220091910012699,2,집합,4,전유부,경기도 성남시 분당구 판교역로 49 (백현동),백현마을, , , ,0,411353179025,11002,0,49,0, , , , , , ,20220909
353,경기도 성남시 분당구 백현동 525번지,41135,11000,0,0525,0000,10891100197893,10891100197882,2220091910012724,2,집합,4,전유부,경기도 성남시 분당구 판교역로 49 (백현동),백현마을, , , ,0,411353179025,11002,0,49,0, , , , , , ,20220909
354,경기도 성남시 분당구 백현동 525번지,41135,11000,0,0525,0000,10891100197914,10891100197910,2220091910012744,2,집합,4,전유부,경기도 성남시 분당구 판교역로 49 (백현동),백현마을, , , ,0,411353179025,11002,0,49,0, , , , , , ,20220909
355,경기도 성남시 분당구 백현동 525번지,41135,11000,0,0525,0000,10891100197916,10891100197910,2220091910012746,2,집합,4,전유부,경기도 성남시 분당구 판교역로 49 (백현동),백현마을, , , ,0,411353179025,11002,0,49,0, , , , , , ,20220909
356,경기도 성남시 분당구 백현동 525번지,41135,11000,0,0525,0000,10891100197920,10891100197910,2220091910012750,2,집합,4,전유부,경기도 성남시 분당구 판교역로 49 (백현동),백현마을, , , ,0,411353179025,11002,0,49,0, , , , , , ,20220909
357,경기도 성남시 분당구 백현동 525번지,41135,11000,0,0525,0000,10891100197924,10891100197910,2220091910012754,2,집합,4,전유부,경기도 성남시 분당구 판교역로 49 (백현동),백현마을, , , ,0,411353179025,11002,0,49,0, , , , , , ,20220909
358,경기도 성남시 분당구 백현동 525번지,41135,11000,0,0525,0000,10891100197929,10891100197910,2220091910012759,2,집합,4,전유부,경기도 성남시 분당구 판교역로 49 (백현동),백현마을, , , ,0,411353179025,11002,0,49,0, , , , , , ,20220909
359,경기도 성남시 분당구 백현동 525번지,41135,11000,0,0525,0000,10891100197930,10891100197910,2220091910012760,2,집합,4,전유부,경기도 성남시 분당구 판교역로 49 (백현동),백현마을, , , ,0,411353179025,11002,0,49,0, , , , , , ,20220909
360,경기도 성남시 분당구 백현동 525번지,41135,11000,0,0525,0000,10891100197935,10891100197910,2220091910012765,2,집합,4,전유부,경기도 성남시 분당구 판교역로 49 (백현동),백현마을, , , ,0,411353179025,11002,0,49,0, , , , , , ,20220909
361,경기도 성남시 분당구 백현동 525번지,41135,11000,0,0525,0000,10891100197951,10891100197938,2220091910012780,2,집합,4,전유부,경기도 성남시 분당구 판교역로 49 (백현동),백현마을, , , ,0,411353179025,11002,0,49,0, , , , , , ,20220909
362,경기도 성남시 분당구 백현동 525번지,41135,11000,0,0525,0000,10891100197955,10891100197938,2220091910012784,2,집합,4,전유부,경기도 성남시 분당구 판교역로 49 (백현동),백현마을, , , ,0,411353179025,11002,0,49,0, , , , , , ,20220909
363,경기도 성남시 분당구 백현동 525번지,41135,11000,0,0525,0000,10891100197956,10891100197938,2220091910012785,2,집합,4,전유부,경기도 성남시 분당구 판교역로 49 (백현동),백현마을, , , ,0,411353179025,11002,0,49,0, , , , , , ,20220909
364,경기도 성남시 분당구 백현동 525번지,41135,11000,0,0525,0000,10891100197967,10891100197966,2220091910012795,2,집합,4,전유부,경기도 성남시 분당구 판교역로 49 (백현동),백현마을, , , ,0,411353179025,11002,0,49,0, , , , , , ,20250408
365,경기도 성남시 분당구 백현동 525번지,41135,11000,0,0525,0000,10891100197972,10891100197971,2220091910012799,2,집합,4,전유부,경기도 성남시 분당구 판교역로 49 (백현동),백현마을, , , ,0,411353179025,11002,0,49,0, , , , , , ,20220909
366,경기도 성남시 분당구 백현동 525번지,41135,11000,0,0525,0000,10891100197977,10891100197971,2220091910012804,2,집합,4,전유부,경기도 성남시 분당구 판교역로 49 (백현동),백현마을, , , ,0,411353179025,11002,0,49,0, , , , , , ,20220909
367,경기도 성남시 분당구 백현동 525번지,41135,11000,0,0525,0000,10891100197993,10891100197991,2220091910012819,2,집합,4,전유부,경기도 성남시 분당구 판교역로 49 (백현동),백현마을, , , ,0,411353179025,11002,0,49,0, , , , , , ,20220909
368,경기도 성남시 분당구 백현동 525번지,41135,11000,0,0525,0000,10891100198009,10891100197991,2220091910012835,2,집합,4,전유부,경기도 성남시 분당구 판교역로 49 (백현동),백현마을, , , ,0,411353179025,11002,0,49,0, , , , , , ,20230210
369,경기도 성남시 분당구 백현동 525번지,41135,11000,0,0525,0000,10891100198019,10891100197991,2220091910012845,2,집합,4,전유부,경기도 성남시 분당구 판교역로 49 (백현동),백현마을, , , ,0,411353179025,11002,0,49,0, , , , , , ,20220909
370,경기도 성남시 분당구 백현동 525번지,41135,11000,0,0525,0000,10891100198020,10891100197991,2220091910012846,2,집합,4,전유부,경기도 성남시 분당구 판교역로 49 (백현동),백현마을, , , ,0,411353179025,11002,0,49,0, , , , , , ,20220909
371,경기도 성남시 분당구 백현동 525번지,41135,11000,0,0525,0000,10891100198023,10891100198022,2220091910012848,2,집합,4,전유부,경기도 성남시 분당구 판교역로 49 (백현동),백현마을, , , ,0,411353179025,11002,0,49,0, , , , , , ,20220909
372,경기도 성남시 분당구 백현동 525번지,41135,11000,0,0525,0000,10891100198024,10891100198022,2220091910012849,2,집합,4,전유부,경기도 성남시 분당구 판교역로 49 (백현동),백현마을, , , ,0,411353179025,11002,0,49,0, , , , , , ,20220909
373,경기도 성남시 분당구 백현동 525번지,41135,11000,0,0525,0000,10891100198027,10891100198022,2220091910012852,2,집합,4,전유부,경기도 성남시 분당구 판교역로 49 (백현동),백현마을, , , ,0,411353179025,11002,0,49,0, , , , , , ,20220909
374,경기도 성남시 분당구 백현동 525번지,41135,11000,0,0525,0000,10891100198030,10891100198022,2220091910012855,2,집합,4,전유부,경기도 성남시 분당구 판교역로 49 (백현동),백현마을, , , ,0,411353179025,11002,0,49,0, , , , , , ,20220909
375,경기도 성남시 분당구 백현동 525번지,41135,11000,0,0525,0000,10891100198037,10891100198022,2220091910012862,2,집합,4,전유부,경기도 성남시 분당구 판교역로 49 (백현동),백현마을, , , ,0,411353179025,11002,0,49,0, , , , , , ,20220909
376,경기도 성남시 분당구 백현동 525번지,41135,11000,0,0525,0000,10891100198042,10891100198022,2220091910012867,2,집합,4,전유부,경기도 성남시 분당구 판교역로 49 (백현동),백현마을, , , ,0,411353179025,11002,0,49,0, , , , , , ,20220909
377,경기도 성남시 분당구 백현동 525번지,41135,11000,0,0525,0000,10891100198047,10891100198043,2220091910012871,2,집합,4,전유부,경기도 성남시 분당구 판교역로 49 (백현동),백현마을, , , ,0,411353179025,11002,0,49,0, , , , , , ,20220909
378,경기도 성남시 분당구 백현동 525번지,41135,11000,0,0525,0000,10891100198048,10891100198043,2220091910012872,2,집합,4,전유부,경기도 성남시 분당구 판교역로 49 (백현동),백현마을, , , ,0,411353179025,11002,0,49,0, , , , , , ,20220909
379,경기도 성남시 분당구 백현동 525번지,41135,11000,0,0525,0000,10891100198063,10891100198043,2220091910012887,2,집합,4,전유부,경기도 성남시 분당구 판교역로 49 (백현동),백현마을, , , ,0,411353179025,11002,0,49,0, , , , , , ,20220909
380,경기도 성남시 분당구 백현동 525번지,41135,11000,0,0525,0000,10891100198070,10891100198064,2220091910012893,2,집합,4,전유부,경기도 성남시 분당구 판교역로 49 (백현동),백현마을, , , ,0,411353179025,11002,0,49,0, , , , , , ,20220909
381,경기도 성남시 분당구 백현동 525번지,41135,11000,0,0525,0000,10891100198080,10891100198064,2220091910012903,2,집합,4,전유부,경기도 성남시 분당구 판교역로 49 (백현동),백현마을, , , ,0,411353179025,11002,0,49,0, , , , , , ,20220909
382,경기도 성남시 분당구 백현동 525번지,41135,11000,0,0525,0000,10891100198084,10891100198064,2220091910012907,2,집합,4,전유부,경기도 성남시 분당구 판교역로 49 (백현동),백현마을, , , ,0,411353179025,11002,0,49,0, , , , , , ,20220909
383,경기도 성남시 분당구 백현동 525번지,41135,11000,0,0525,0000,10891100198090,10891100198085,2220091910012912,2,집합,4,전유부,경기도 성남시 분당구 판교역로 49 (백현동),백현마을, , , ,0,411353179025,11002,0,49,0, , , , , , ,20220909
384,경기도 성남시 분당구 백현동 525번지,41135,11000,0,0525,0000,10891100198101,10891100198085,2220091910012923,2,집합,4,전유부,경기도 성남시 분당구 판교역로 49 (백현동),백현마을, , , ,0,411353179025,11002,0,49,0, , , , , , ,20220909
385,경기도 성남시 분당구 백현동 525번지,41135,11000,0,0525,0000,10891100198103,10891100198085,2220091910012925,2,집합,4,전유부,경기도 성남시 분당구 판교역로 49 (백현동),백현마을, , , ,0,411353179025,11002,0,49,0, , , , , , ,20220909
386,경기도 성남시 분당구 백현동 525번지,41135,11000,0,0525,0000,10891100198109,10891100198106,2220091910012930,2,집합,4,전유부,경기도 성남시 분당구 판교역로 49 (백현동),백현마을, , , ,0,411353179025,11002,0,49,0, , , , , , ,20220909
387,경기도 성남시 분당구 백현동 525번지,41135,11000,0,0525,0000,10891100198112,10891100198106,2220091910012933,2,집합,4,전유부,경기도 성남시 분당구 판교역로 49 (백현동),백현마을, , , ,0,411353179025,11002,0,49,0, , , , , , ,20220909
388,경기도 성남시 분당구 백현동 525번지,41135,11000,0,0525,0000,10891100198113,10891100198106,2220091910012934,2,집합,4,전유부,경기도 성남시 분당구 판교역로 49 (백현동),백현마을, , , ,0,411353179025,11002,0,49,0, , , , , , ,20220909
389,경기도 성남시 분당구 백현동 525번지,41135,11000,0,0525,0000,10891100198115,10891100198106,2220091910012936,2,집합,4,전유부,경기도 성남시 분당구 판교역로 49 (백현동),백현마을, , , ,0,411353179025,11002,0,49,0, , , , , , ,20220909
390,경기도 성남시 분당구 백현동 525번지,41135,11000,0,0525,0000,10891100198120,10891100198106,2220091910012941,2,집합,4,전유부,경기도 성남시 분당구 판교역로 49 (백현동),백현마을, , , ,0,411353179025,11002,0,49,0, , , , , , ,20220909
391,경기도 성남시 분당구 백현동 525번지,41135,11000,0,0525,0000,10891100198121,10891100198106,2220091910012942,2,집합,4,전유부,경기도 성남시 분당구 판교역로 49 (백현동),백현마을, , , ,0,411353179025,11002,0,49,0, , , , , , ,20220909
392,경기도 성남시 분당구 백현동 525번지,41135,11000,0,0525,0000,10891100198124,10891100198106,2220091910012945,2,집합,4,전유부,경기도 성남시 분당구 판교역로 49 (백현동),백현마을, , , ,0,411353179025,11002,0,49,0, , , , , , ,20220909
393,경기도 성남시 분당구 백현동 525번지,41135,11000,0,0525,0000,10891100198126,10891100198106,2220091910012947,2,집합,4,전유부,경기도 성남시 분당구 판교역로 49 (백현동),백현마을, , , ,0,411353179025,11002,0,49,0, , , , , , ,20220909
394,경기도 성남시 분당구 백현동 525번지,41135,11000,0,0525,0000,10891100198134,10891100198127,2220091910012954,2,집합,4,전유부,경기도 성남시 분당구 판교역로 49 (백현동),백현마을, , , ,0,411353179025,11002,0,49,0, , , , , , ,20220909
395,경기도 성남시 분당구 백현동 525번지,41135,11000,0,0525,0000,10891100198135,10891100198127,2220091910012955,2,집합,4,전유부,경기도 성남시 분당구 판교역로 49 (백현동),백현마을, , , ,0,411353179025,11002,0,49,0, , , , , , ,20220909
396,경기도 성남시 분당구 백현동 525번지,41135,11000,0,0525,0000,10891100198156,10891100198148,2220091910012975,2,집합,4,전유부,경기도 성남시 분당구 판교역로 49 (백현동),백현마을, , , ,0,411353179025,11002,0,49,0, , , , , , ,20220909
397,경기도 성남시 분당구 백현동 525번지,41135,11000,0,0525,0000,10891100198163,10891100198148,2220091910012982,2,집합,4,전유부,경기도 성남시 분당구 판교역로 49 (백현동),백현마을, , , ,0,411353179025,11002,0,49,0, , , , , , ,20220909
398,경기도 성남시 분당구 백현동 525번지,41135,11000,0,0525,0000,10891100198168,10891100198148,2220091910012987,2,집합,4,전유부,경기도 성남시 분당구 판교역로 49 (백현동),백현마을, , , ,0,411353179025,11002,0,49,0, , , , , , ,20220909
399,경기도 성남시 분당구 백현동 525번지,41135,11000,0,0525,0000,10891100198175,10891100198169,2220091910012993,2,집합,4,전유부,경기도 성남시 분당구 판교역로 49 (백현동),백현마을, , , ,0,411353179025,11002,0,49,0, , , , , , ,20220909
400,경기도 성남시 분당구 백현동 525번지,41135,11000,0,0525,0000,10891100198182,10891100198169,2220091910013000,2,집합,4,전유부,경기도 성남시 분당구 판교역로 49 (백현동),백현마을, , , ,0,411353179025,11002,0,49,0, , , , , , ,20220909
401,경기도 성남시 분당구 백현동 525번지,41135,11000,0,0525,0000,10891100198193,10891100198169,2220091910013011,2,집합,4,전유부,경기도 성남시 분당구 판교역로 49 (백현동),백현마을, , , ,0,411353179025,11002,0,49,0, , , , , , ,20220909
402,경기도 성남시 분당구 백현동 525번지,41135,11000,0,0525,0000,10891100198031,10891100198022,2220091910012856,2,집합,4,전유부,경기도 성남시 분당구 판교역로 49 (백현동),백현마을, , , ,0,411353179025,11002,0,49,0, , , , , , ,20220909
403,경기도 성남시 분당구 백현동 525번지,41135,11000,0,0525,0000,10891100197902,10891100197882,2220091910012733,2,집합,4,전유부,경기도 성남시 분당구 판교역로 49 (백현동),백현마을, , , ,0,411353179025,11002,0,49,0, , , , , , ,20220909
404,경기도 성남시 분당구 백현동 525번지,41135,11000,0,0525,0000,10891100197944,10891100197938,2220091910012773,2,집합,4,전유부,경기도 성남시 분당구 판교역로 49 (백현동),백현마을, , , ,0,411353179025,11002,0,49,0, , , , , , ,20220909
405,경기도 성남시 분당구 백현동 525번지,41135,11000,0,0525,0000,10891100198051,10891100198043,2220091910012875,2,집합,4,전유부,경기도 성남시 분당구 판교역로 49 (백현동),백현마을, , , ,0,411353179025,11002,0,49,0, , , , , , ,20220909
406,경기도 성남시 분당구 백현동 525번지,41135,11000,0,0525,0000,10891100198074,10891100198064,2220091910012897,2,집합,4,전유부,경기도 성남시 분당구 판교역로 49 (백현동),백현마을, , , ,0,411353179025,11002,0,49,0, , , , , , ,20220909
407,경기도 성남시 분당구 백현동 525번지,41135,11000,0,0525,0000,10891100197832,10891100197831,2120091910000694,2,집합,3,표제부,경기도 성남시 분당구 판교역로 49 (백현동),백현마을, , , ,0,411353179025,11002,0,49,0, , , , , , ,20220909
408,경기도 성남시 분당구 백현동 525번지,41135,11000,0,0525,0000,10891100198148,10891100197831,2120091910000708,2,집합,3,표제부,경기도 성남시 분당구 판교역로 49 (백현동),백현마을, , , ,0,411353179025,11002,0,49,0, , , , , , ,20220909
409,경기도 성남시 분당구 백현동 525번지,41135,11000,0,0525,0000,10891100198060,10891100198043,2220091910012884,2,집합,4,전유부,경기도 성남시 분당구 판교역로 49 (백현동),백현마을, , , ,0,411353179025,11002,0,49,0, , , , , , ,20220909
410,경기도 성남시 분당구 백현동 525번지,41135,11000,0,0525,0000,10891100198147,10891100198127,2220091910012967,2,집합,4,전유부,경기도 성남시 분당구 판교역로 49 (백현동),백현마을, , , ,0,411353179025,11002,0,49,0, , , , , , ,20220909
411,경기도 성남시 분당구 백현동 525번지,41135,11000,0,0525,0000,10891100197866,10891100197863,2220091910012698,2,집합,4,전유부,경기도 성남시 분당구 판교역로 49 (백현동),백현마을, , , ,0,411353179025,11002,0,49,0, , , , , , ,20220909
412,경기도 성남시 분당구 백현동 525번지,41135,11000,0,0525,0000,10891100198158,10891100198148,2220091910012977,2,집합,4,전유부,경기도 성남시 분당구 판교역로 49 (백현동),백현마을, , , ,0,411353179025,11002,0,49,0, , , , , , ,20220909
413,경기도 성남시 분당구 백현동 525번지,41135,11000,0,0525,0000,10891100197874,10891100197863,2220091910012706,2,집합,4,전유부,경기도 성남시 분당구 판교역로 49 (백현동),백현마을, , , ,0,411353179025,11002,0,49,0, , , , , , ,20220909
414,경기도 성남시 분당구 백현동 525번지,41135,11000,0,0525,0000,10891100198145,10891100198127,2220091910012965,2,집합,4,전유부,경기도 성남시 분당구 판교역로 49 (백현동),백현마을, , , ,0,411353179025,11002,0,49,0, , , , , , ,20220909
415,경기도 성남시 분당구 백현동 525번지,41135,11000,0,0525,0000,10891100197869,10891100197863,2220091910012701,2,집합,4,전유부,경기도 성남시 분당구 판교역로 49 (백현동),백현마을, , , ,0,411353179025,11002,0,49,0, , , , , , ,20220909
416,경기도 성남시 분당구 백현동 525번지,41135,11000,0,0525,0000,10891100198005,10891100197991,2220091910012831,2,집합,4,전유부,경기도 성남시 분당구 판교역로 49 (백현동),백현마을, , , ,0,411353179025,11002,0,49,0, , , , , , ,20220909
417,경기도 성남시 분당구 백현동 525번지,41135,11000,0,0525,0000,10891100198007,10891100197991,2220091910012833,2,집합,4,전유부,경기도 성남시 분당구 판교역로 49 (백현동),백현마을, , , ,0,411353179025,11002,0,49,0, , , , , , ,20220909
418,경기도 성남시 분당구 백현동 525번지,41135,11000,0,0525,0000,10891100198032,10891100198022,2220091910012857,2,집합,4,전유부,경기도 성남시 분당구 판교역로 49 (백현동),백현마을, , , ,0,411353179025,11002,0,49,0, , , , , , ,20220909
419,경기도 성남시 분당구 백현동 525번지,41135,11000,0,0525,0000,10891100198143,10891100198127,2220091910012963,2,집합,4,전유부,경기도 성남시 분당구 판교역로 49 (백현동),백현마을, , , ,0,411353179025,11002,0,49,0, , , , , , ,20220909
420,경기도 성남시 분당구 백현동 525번지,41135,11000,0,0525,0000,10891100198161,10891100198148,2220091910012980,2,집합,4,전유부,경기도 성남시 분당구 판교역로 49 (백현동),백현마을, , , ,0,411353179025,11002,0,49,0, , , , , , ,20220909
421,경기도 성남시 분당구 백현동 525번지,41135,11000,0,0525,0000,10891100197863,10891100197831,2120091910000695,2,집합,3,표제부,경기도 성남시 분당구 판교역로 49 (백현동),백현마을, , , ,0,411353179025,11002,0,49,0, , , , , , ,20220909
422,경기도 성남시 분당구 백현동 525번지,41135,11000,0,0525,0000,10891100198044,10891100198043,2220091910012868,2,집합,4,전유부,경기도 성남시 분당구 판교역로 49 (백현동),백현마을, , , ,0,411353179025,11002,0,49,0, , , , , , ,20220909
423,경기도 성남시 분당구 백현동 525번지,41135,11000,0,0525,0000,10891100197997,10891100197991,2220091910012823,2,집합,4,전유부,경기도 성남시 분당구 판교역로 49 (백현동),백현마을, , , ,0,411353179025,11002,0,49,0, , , , , , ,20220909
424,경기도 성남시 분당구 백현동 525번지,41135,11000,0,0525,0000,10891100197854,10891100197832,2220091910012687,2,집합,4,전유부,경기도 성남시 분당구 판교역로 49 (백현동),백현마을, , , ,0,411353179025,11002,0,49,0, , , , , , ,20220909
425,경기도 성남시 분당구 백현동 525번지,41135,11000,0,0525,0000,10891100197945,10891100197938,2220091910012774,2,집합,4,전유부,경기도 성남시 분당구 판교역로 49 (백현동),백현마을, , , ,0,411353179025,11002,0,49,0, , , , , , ,20220909
426,경기도 성남시 분당구 백현동 525번지,41135,11000,0,0525,0000,10891100198108,10891100198106,2220091910012929,2,집합,4,전유부,경기도 성남시 분당구 판교역로 49 (백현동),백현마을, , , ,0,411353179025,11002,0,49,0, , , , , , ,20220909
427,경기도 성남시 분당구 백현동 525번지,41135,11000,0,0525,0000,10891100197842,10891100197832,2220091910012675,2,집합,4,전유부,경기도 성남시 분당구 판교역로 49 (백현동),백현마을, , , ,0,411353179025,11002,0,49,0, , , , , , ,20220909
428,경기도 성남시 분당구 백현동 525번지,41135,11000,0,0525,0000,10891100197860,10891100197832,2220091910012693,2,집합,4,전유부,경기도 성남시 분당구 판교역로 49 (백현동),백현마을, , , ,0,411353179025,11002,0,49,0, , , , , , ,20220909
429,경기도 성남시 분당구 백현동 525번지,41135,11000,0,0525,0000,10891100197905,10891100197882,2220091910012736,2,집합,4,전유부,경기도 성남시 분당구 판교역로 49 (백현동),백현마을, , , ,0,411353179025,11002,0,49,0, , , , , , ,20220909
430,경기도 성남시 분당구 백현동 525번지,41135,11000,0,0525,0000,10891100198185,10891100198169,2220091910013003,2,집합,4,전유부,경기도 성남시 분당구 판교역로 49 (백현동),백현마을, , , ,0,411353179025,11002,0,49,0, , , , , , ,20220909
431,경기도 성남시 분당구 백현동 525번지,41135,11000,0,0525,0000,10891100198184,10891100198169,2220091910013002,2,집합,4,전유부,경기도 성남시 분당구 판교역로 49 (백현동),백현마을, , , ,0,411353179025,11002,0,49,0, , , , , , ,20220909
432,경기도 성남시 분당구 백현동 525번지,41135,11000,0,0525,0000,10891100197884,10891100197882,2220091910012715,2,집합,4,전유부,경기도 성남시 분당구 판교역로 49 (백현동),백현마을, , , ,0,411353179025,11002,0,49,0, , , , , , ,20220909
433,경기도 성남시 분당구 백현동 525번지,41135,11000,0,0525,0000,10891100197889,10891100197882,2220091910012720,2,집합,4,전유부,경기도 성남시 분당구 판교역로 49 (백현동),백현마을, , , ,0,411353179025,11002,0,49,0, , , , , , ,20220909
434,경기도 성남시 분당구 백현동 525번지,41135,11000,0,0525,0000,10891100197957,10891100197938,2220091910012786,2,집합,4,전유부,경기도 성남시 분당구 판교역로 49 (백현동),백현마을, , , ,0,411353179025,11002,0,49,0, , , , , , ,20220909
435,경기도 성남시 분당구 백현동 525번지,41135,11000,0,0525,0000,10891100197962,10891100197938,2220091910012791,2,집합,4,전유부,경기도 성남시 분당구 판교역로 49 (백현동),백현마을, , , ,0,411353179025,11002,0,49,0, , , , , , ,20220909
436,경기도 성남시 분당구 백현동 525번지,41135,11000,0,0525,0000,10891100197979,10891100197971,2220091910012806,2,집합,4,전유부,경기도 성남시 분당구 판교역로 49 (백현동),백현마을, , , ,0,411353179025,11002,0,49,0, , , , , , ,20220909
437,경기도 성남시 분당구 백현동 525번지,41135,11000,0,0525,0000,10891100197985,10891100197971,2220091910012812,2,집합,4,전유부,경기도 성남시 분당구 판교역로 49 (백현동),백현마을, , , ,0,411353179025,11002,0,49,0, , , , , , ,20220909
438,경기도 성남시 분당구 백현동 525번지,41135,11000,0,0525,0000,10891100198141,10891100198127,2220091910012961,2,집합,4,전유부,경기도 성남시 분당구 판교역로 49 (백현동),백현마을, , , ,0,411353179025,11002,0,49,0, , , , , , ,20220909
439,경기도 성남시 분당구 백현동 525번지,41135,11000,0,0525,0000,10891100197896,10891100197882,2220091910012727,2,집합,4,전유부,경기도 성남시 분당구 판교역로 49 (백현동),백현마을, , , ,0,411353179025,11002,0,49,0, , , , , , ,20220909
440,경기도 성남시 분당구 백현동 525번지,41135,11000,0,0525,0000,10891100198183,10891100198169,2220091910013001,2,집합,4,전유부,경기도 성남시 분당구 판교역로 49 (백현동),백현마을, , , ,0,411353179025,11002,0,49,0, , , , , , ,20220909
441,경기도 성남시 분당구 백현동 525번지,41135,11000,0,0525,0000,10891100197908,10891100197882,2220091910012739,2,집합,4,전유부,경기도 성남시 분당구 판교역로 49 (백현동),백현마을, , , ,0,411353179025,11002,0,49,0, , , , , , ,20220909
442,경기도 성남시 분당구 백현동 525번지,41135,11000,0,0525,0000,10891100197925,10891100197910,2220091910012755,2,집합,4,전유부,경기도 성남시 분당구 판교역로 49 (백현동),백현마을, , , ,0,411353179025,11002,0,49,0, , , , , , ,20220909
443,경기도 성남시 분당구 백현동 525번지,41135,11000,0,0525,0000,10891100197947,10891100197938,2220091910012776,2,집합,4,전유부,경기도 성남시 분당구 판교역로 49 (백현동),백현마을, , , ,0,411353179025,11002,0,49,0, , , , , , ,20220909
444,경기도 성남시 분당구 백현동 525번지,41135,11000,0,0525,0000,10891100197995,10891100197991,2220091910012821,2,집합,4,전유부,경기도 성남시 분당구 판교역로 49 (백현동),백현마을, , , ,0,411353179025,11002,0,49,0, , , , , , ,20220909
445,경기도 성남시 분당구 백현동 525번지,41135,11000,0,0525,0000,10891100198190,10891100198169,2220091910013008,2,집합,4,전유부,경기도 성남시 분당구 판교역로 49 (백현동),백현마을, , , ,0,411353179025,11002,0,49,0, , , , , , ,20220909
446,경기도 성남시 분당구 백현동 525번지,41135,11000,0,0525,0000,10891100197885,10891100197882,2220091910012716,2,집합,4,전유부,경기도 성남시 분당구 판교역로 49 (백현동),백현마을, , , ,0,411353179025,11002,0,49,0, , , , , , ,20220909
447,경기도 성남시 분당구 백현동 525번지,41135,11000,0,0525,0000,10891100198004,10891100197991,2220091910012830,2,집합,4,전유부,경기도 성남시 분당구 판교역로 49 (백현동),백현마을, , , ,0,411353179025,11002,0,49,0, , , , , , ,20220909
448,경기도 성남시 분당구 백현동 525번지,41135,11000,0,0525,0000,10891100198119,10891100198106,2220091910012940,2,집합,4,전유부,경기도 성남시 분당구 판교역로 49 (백현동),백현마을, , , ,0,411353179025,11002,0,49,0, , , , , , ,20220909
449,경기도 성남시 분당구 백현동 525번지,41135,11000,0,0525,0000,10891100197839,10891100197832,2220091910012672,2,집합,4,전유부,경기도 성남시 분당구 판교역로 49 (백현동),백현마을, , , ,0,411353179025,11002,0,49,0, , , , , , ,20220909
450,경기도 성남시 분당구 백현동 525번지,41135,11000,0,0525,0000,10891100198127,10891100197831,2120091910000707,2,집합,3,표제부,경기도 성남시 분당구 판교역로 49 (백현동),백현마을, , , ,0,411353179025,11002,0,49,0, , , , , , ,20220909
451,경기도 성남시 분당구 백현동 525번지,41135,11000,0,0525,0000,10891100197953,10891100197938,2220091910012782,2,집합,4,전유부,경기도 성남시 분당구 판교역로 49 (백현동),백현마을, , , ,0,411353179025,11002,0,49,0, , , , , , ,20220909
452,경기도 성남시 분당구 백현동 525번지,41135,11000,0,0525,0000,10891100197975,10891100197971,2220091910012802,2,집합,4,전유부,경기도 성남시 분당구 판교역로 49 (백현동),백현마을, , , ,0,411353179025,11002,0,49,0, , , , , , ,20220909
453,경기도 성남시 분당구 백현동 525번지,41135,11000,0,0525,0000,10891100198012,10891100197991,2220091910012838,2,집합,4,전유부,경기도 성남시 분당구 판교역로 49 (백현동),백현마을, , , ,0,411353179025,11002,0,49,0, , , , , , ,20220909
454,경기도 성남시 분당구 백현동 525번지,41135,11000,0,0525,0000,10891100198099,10891100198085,2220091910012921,2,집합,4,전유부,경기도 성남시 분당구 판교역로 49 (백현동),백현마을, , , ,0,411353179025,11002,0,49,0, , , , , , ,20220909
455,경기도 성남시 분당구 백현동 525번지,41135,11000,0,0525,0000,10891100198114,10891100198106,2220091910012935,2,집합,4,전유부,경기도 성남시 분당구 판교역로 49 (백현동),백현마을, , , ,0,411353179025,11002,0,49,0, , , , , , ,20220909
456,경기도 성남시 분당구 백현동 525번지,41135,11000,0,0525,0000,10891100197934,10891100197910,2220091910012764,2,집합,4,전유부,경기도 성남시 분당구 판교역로 49 (백현동),백현마을, , , ,0,411353179025,11002,0,49,0, , , , , , ,20220909
457,경기도 성남시 분당구 백현동 525번지,41135,11000,0,0525,0000,10891100198066,10891100198064,2220091910012889,2,집합,4,전유부,경기도 성남시 분당구 판교역로 49 (백현동),백현마을, , , ,0,411353179025,11002,0,49,0, , , , , , ,20220909
458,경기도 성남시 분당구 백현동 525번지,41135,11000,0,0525,0000,10891100197895,10891100197882,2220091910012726,2,집합,4,전유부,경기도 성남시 분당구 판교역로 49 (백현동),백현마을, , , ,0,411353179025,11002,0,49,0, , , , , , ,20220909
459,경기도 성남시 분당구 백현동 525번지,41135,11000,0,0525,0000,10891100197992,10891100197991,2220091910012818,2,집합,4,전유부,경기도 성남시 분당구 판교역로 49 (백현동),백현마을, , , ,0,411353179025,11002,0,49,0, , , , , , ,20220909
460,경기도 성남시 분당구 백현동 525번지,41135,11000,0,0525,0000,10891100198073,10891100198064,2220091910012896,2,집합,4,전유부,경기도 성남시 분당구 판교역로 49 (백현동),백현마을, , , ,0,411353179025,11002,0,49,0, , , , , , ,20220909
461,경기도 성남시 분당구 백현동 525번지,41135,11000,0,0525,0000,10891100197961,10891100197938,2220091910012790,2,집합,4,전유부,경기도 성남시 분당구 판교역로 49 (백현동),백현마을, , , ,0,411353179025,11002,0,49,0, , , , , , ,20220909
462,경기도 성남시 분당구 백현동 525번지,41135,11000,0,0525,0000,10891100198089,10891100198085,2220091910012911,2,집합,4,전유부,경기도 성남시 분당구 판교역로 49 (백현동),백현마을, , , ,0,411353179025,11002,0,49,0, , , , , , ,20220909
463,경기도 성남시 분당구 백현동 525번지,41135,11000,0,0525,0000,10891100198105,10891100198085,2220091910012927,2,집합,4,전유부,경기도 성남시 분당구 판교역로 49 (백현동),백현마을, , , ,0,411353179025,11002,0,49,0, , , , , , ,20220909
464,경기도 성남시 분당구 백현동 525번지,41135,11000,0,0525,0000,10891100198133,10891100198127,2220091910012953,2,집합,4,전유부,경기도 성남시 분당구 판교역로 49 (백현동),백현마을, , , ,0,411353179025,11002,0,49,0, , , , , , ,20220909
465,경기도 성남시 분당구 백현동 525번지,41135,11000,0,0525,0000,10891100197864,10891100197863,2220091910012696,2,집합,4,전유부,경기도 성남시 분당구 판교역로 49 (백현동),백현마을, , , ,0,411353179025,11002,0,49,0, , , , , , ,20220909
466,경기도 성남시 분당구 백현동 525번지,41135,11000,0,0525,0000,10891100198029,10891100198022,2220091910012854,2,집합,4,전유부,경기도 성남시 분당구 판교역로 49 (백현동),백현마을, , , ,0,411353179025,11002,0,49,0, , , , , , ,20220909
467,경기도 성남시 분당구 백현동 525번지,41135,11000,0,0525,0000,10891100197861,10891100197832,2220091910012694,2,집합,4,전유부,경기도 성남시 분당구 판교역로 49 (백현동),백현마을, , , ,0,411353179025,11002,0,49,0, , , , , , ,20220909
468,경기도 성남시 분당구 백현동 525번지,41135,11000,0,0525,0000,10891100197890,10891100197882,2220091910012721,2,집합,4,전유부,경기도 성남시 분당구 판교역로 49 (백현동),백현마을, , , ,0,411353179025,11002,0,49,0, , , , , , ,20220909
469,경기도 성남시 분당구 백현동 525번지,41135,11000,0,0525,0000,10891100198130,10891100198127,2220091910012950,2,집합,4,전유부,경기도 성남시 분당구 판교역로 49 (백현동),백현마을, , , ,0,411353179025,11002,0,49,0, , , , , , ,20220909
470,경기도 성남시 분당구 백현동 525번지,41135,11000,0,0525,0000,10891100198056,10891100198043,2220091910012880,2,집합,4,전유부,경기도 성남시 분당구 판교역로 49 (백현동),백현마을, , , ,0,411353179025,11002,0,49,0, , , , , , ,20220909
471,경기도 성남시 분당구 백현동 525번지,41135,11000,0,0525,0000,10891100198061,10891100198043,2220091910012885,2,집합,4,전유부,경기도 성남시 분당구 판교역로 49 (백현동),백현마을, , , ,0,411353179025,11002,0,49,0, , , , , , ,20220909
472,경기도 성남시 분당구 백현동 525번지,41135,11000,0,0525,0000,10891100198150,10891100198148,2220091910012969,2,집합,4,전유부,경기도 성남시 분당구 판교역로 49 (백현동),백현마을, , , ,0,411353179025,11002,0,49,0, , , , , , ,20220909
473,경기도 성남시 분당구 백현동 525번지,41135,11000,0,0525,0000,10891100197875,10891100197863,2220091910012707,2,집합,4,전유부,경기도 성남시 분당구 판교역로 49 (백현동),백현마을, , , ,0,411353179025,11002,0,49,0, , , , , , ,20220909
474,경기도 성남시 분당구 백현동 525번지,41135,11000,0,0525,0000,10891100197922,10891100197910,2220091910012752,2,집합,4,전유부,경기도 성남시 분당구 판교역로 49 (백현동),백현마을, , , ,0,411353179025,11002,0,49,0, , , , , , ,20220909
475,경기도 성남시 분당구 백현동 525번지,41135,11000,0,0525,0000,10891100198026,10891100198022,2220091910012851,2,집합,4,전유부,경기도 성남시 분당구 판교역로 49 (백현동),백현마을, , , ,0,411353179025,11002,0,49,0, , , , , , ,20220909
476,경기도 성남시 분당구 백현동 525번지,41135,11000,0,0525,0000,10891100198138,10891100198127,2220091910012958,2,집합,4,전유부,경기도 성남시 분당구 판교역로 49 (백현동),백현마을, , , ,0,411353179025,11002,0,49,0, , , , , , ,20220909
477,경기도 성남시 분당구 백현동 525번지,41135,11000,0,0525,0000,10891100197838,10891100197832,2220091910012671,2,집합,4,전유부,경기도 성남시 분당구 판교역로 49 (백현동),백현마을, , , ,0,411353179025,11002,0,49,0, , , , , , ,20220909
478,경기도 성남시 분당구 백현동 525번지,41135,11000,0,0525,0000,10891100197959,10891100197938,2220091910012788,2,집합,4,전유부,경기도 성남시 분당구 판교역로 49 (백현동),백현마을, , , ,0,411353179025,11002,0,49,0, , , , , , ,20220909
479,경기도 성남시 분당구 백현동 525번지,41135,11000,0,0525,0000,10891100198053,10891100198043,2220091910012877,2,집합,4,전유부,경기도 성남시 분당구 판교역로 49 (백현동),백현마을, , , ,0,411353179025,11002,0,49,0, , , , , , ,20220909
480,경기도 성남시 분당구 백현동 525번지,41135,11000,0,0525,0000,10891100197837,10891100197832,2220091910012670,2,집합,4,전유부,경기도 성남시 분당구 판교역로 49 (백현동),백현마을, , , ,0,411353179025,11002,0,49,0, , , , , , ,20220909
481,경기도 성남시 분당구 백현동 525번지,41135,11000,0,0525,0000,10891100197868,10891100197863,2220091910012700,2,집합,4,전유부,경기도 성남시 분당구 판교역로 49 (백현동),백현마을, , , ,0,411353179025,11002,0,49,0, , , , , , ,20220909
482,경기도 성남시 분당구 백현동 525번지,41135,11000,0,0525,0000,10891100197940,10891100197938,2220091910012769,2,집합,4,전유부,경기도 성남시 분당구 판교역로 49 (백현동),백현마을, , , ,0,411353179025,11002,0,49,0, , , , , , ,20220909
483,경기도 성남시 분당구 백현동 525번지,41135,11000,0,0525,0000,10891100198153,10891100198148,2220091910012972,2,집합,4,전유부,경기도 성남시 분당구 판교역로 49 (백현동),백현마을, , , ,0,411353179025,11002,0,49,0, , , , , , ,20220909
484,경기도 성남시 분당구 백현동 525번지,41135,11000,0,0525,0000,10891100198198,10891100198169,2220091910013016,2,집합,4,전유부,경기도 성남시 분당구 판교역로 49 (백현동),백현마을, , , ,0,411353179025,11002,0,49,0, , , , , , ,20220909
485,경기도 성남시 분당구 백현동 525번지,41135,11000,0,0525,0000,10891100197840,10891100197832,2220091910012673,2,집합,4,전유부,경기도 성남시 분당구 판교역로 49 (백현동),백현마을, , , ,0,411353179025,11002,0,49,0, , , , , , ,20220909
486,경기도 성남시 분당구 백현동 525번지,41135,11000,0,0525,0000,10891100197873,10891100197863,2220091910012705,2,집합,4,전유부,경기도 성남시 분당구 판교역로 49 (백현동),백현마을, , , ,0,411353179025,11002,0,49,0, , , , , , ,20220909
487,경기도 성남시 분당구 백현동 525번지,41135,11000,0,0525,0000,10891100198095,10891100198085,2220091910012917,2,집합,4,전유부,경기도 성남시 분당구 판교역로 49 (백현동),백현마을, , , ,0,411353179025,11002,0,49,0, , , , , , ,20220909
488,경기도 성남시 분당구 백현동 525번지,41135,11000,0,0525,0000,10891100198122,10891100198106,2220091910012943,2,집합,4,전유부,경기도 성남시 분당구 판교역로 49 (백현동),백현마을, , , ,0,411353179025,11002,0,49,0, , , , , , ,20220909
489,경기도 성남시 분당구 백현동 525번지,41135,11000,0,0525,0000,10891100198166,10891100198148,2220091910012985,2,집합,4,전유부,경기도 성남시 분당구 판교역로 49 (백현동),백현마을, , , ,0,411353179025,11002,0,49,0, , , , , , ,20220909
490,경기도 성남시 분당구 백현동 525번지,41135,11000,0,0525,0000,10891100197990,10891100197971,2220091910012817,2,집합,4,전유부,경기도 성남시 분당구 판교역로 49 (백현동),백현마을, , , ,0,411353179025,11002,0,49,0, , , , , , ,20220909
491,경기도 성남시 분당구 백현동 525번지,41135,11000,0,0525,0000,10891100197999,10891100197991,2220091910012825,2,집합,4,전유부,경기도 성남시 분당구 판교역로 49 (백현동),백현마을, , , ,0,411353179025,11002,0,49,0, , , , , , ,20220909
492,경기도 성남시 분당구 백현동 525번지,41135,11000,0,0525,0000,10891100197878,10891100197863,2220091910012710,2,집합,4,전유부,경기도 성남시 분당구 판교역로 49 (백현동),백현마을, , , ,0,411353179025,11002,0,49,0, , , , , , ,20220909
493,경기도 성남시 분당구 백현동 525번지,41135,11000,0,0525,0000,10891100197894,10891100197882,2220091910012725,2,집합,4,전유부,경기도 성남시 분당구 판교역로 49 (백현동),백현마을, , , ,0,411353179025,11002,0,49,0, , , , , , ,20220909
494,경기도 성남시 분당구 백현동 525번지,41135,11000,0,0525,0000,10891100197969,10891100197966,2220091910012797,2,집합,4,전유부,경기도 성남시 분당구 판교역로 49 (백현동),백현마을, , , ,0,411353179025,11002,0,49,0, , , , , , ,20250408
495,경기도 성남시 분당구 백현동 525번지,41135,11000,0,0525,0000,10891100198014,10891100197991,2220091910012840,2,집합,4,전유부,경기도 성남시 분당구 판교역로 49 (백현동),백현마을, , , ,0,411353179025,11002,0,49,0, , , , , , ,20220909
496,경기도 성남시 분당구 백현동 525번지,41135,11000,0,0525,0000,10891100198187,10891100198169,2220091910013005,2,집합,4,전유부,경기도 성남시 분당구 판교역로 49 (백현동),백현마을, , , ,0,411353179025,11002,0,49,0, , , , , , ,20220909
497,경기도 성남시 분당구 백현동 525번지,41135,11000,0,0525,0000,10891100198188,10891100198169,2220091910013006,2,집합,4,전유부,경기도 성남시 분당구 판교역로 49 (백현동),백현마을, , , ,0,411353179025,11002,0,49,0, , , , , , ,20220909
498,경기도 성남시 분당구 백현동 525번지,41135,11000,0,0525,0000,10891100197915,10891100197910,2220091910012745,2,집합,4,전유부,경기도 성남시 분당구 판교역로 49 (백현동),백현마을, , , ,0,411353179025,11002,0,49,0, , , , , , ,20220909
499,경기도 성남시 분당구 백현동 525번지,41135,11000,0,0525,0000,10891100197970,10891100197966,2220091910012798,2,집합,4,전유부,경기도 성남시 분당구 판교역로 49 (백현동),백현마을, , , ,0,411353179025,11002,0,49,0, , , , , , ,20250408
500,경기도 성남시 분당구 백현동 525번지,41135,11000,0,0525,0000,10891100197996,10891100197991,2220091910012822,2,집합,4,전유부,경기도 성남시 분당구 판교역로 49 (백현동),백현마을, , , ,0,411353179025,11002,0,49,0, , , , , , ,20220909
