region_key,sido_short,sigungu_name,year_month,ym_date,n_transactions,avg_transaction_price_10k,n_new_building_permits,sac_eligible_grfa_sqm,total_new_grfa_sqm,elec_commercial_sido_approx,client_service_score_avg,misorder_rate_regional
11110,서울,종로구,202502,2025-02-01,,,1.0,4521.36,5580.85,3060336114,,
11110,서울,종로구,202503,2025-03-01,,,,771.15,2691.05,3060336114,,
11110,서울,종로구,202504,2025-04-01,,,1.0,7859.930000000001,10710.78,3060336114,,
11110,서울,종로구,202505,2025-05-01,,,,3171.25,3171.25,3060336114,,
11110,서울,종로구,202506,2025-06-01,,,1.0,2371.949,2371.949,3060336114,,
11110,서울,종로구,202507,2025-07-01,,,1.0,146.65,290.18,3060336114,,
11110,서울,종로구,202508,2025-08-01,,,2.0,3998.8900000000003,6182.11,3060336114,,
11110,서울,종로구,202509,2025-09-01,,,,3350.2599999999998,5608.68,3060336114,,
11110,서울,종로구,202510,2025-10-01,,,,1901.77,3184.14,3060336114,,
11110,서울,종로구,202511,2025-11-01,,,1.0,1538.4300000000003,1926.09,3060336114,,
11110,서울,종로구,202512,2025-12-01,,,,3673.855,5404.665,3060336114,,
11110,서울,종로구,202601,2026-01-01,,,2.0,,,3060336114,,
11110,서울,종로구,202602,2026-02-01,52.0,118036.92307692308,1.0,1409.34,1761.983,3060336114,,
11110,서울,종로구,202603,2026-03-01,56.0,107966.96428571429,,1725.56,2367.0,3060336114,,
11110,서울,종로구,202604,2026-04-01,89.0,109684.38202247191,1.0,1725.56,2367.0,3060336114,,
11110,서울,종로구,202605,2026-05-01,89.0,99887.02247191011,1.0,,,3060336114,,
11110,서울,종로구,202606,2026-06-01,32.0,137031.15625,,,,3060336114,,
11110,서울,종로구,202607,2026-07-01,24.0,103500.0,,,,3060336114,,
11140,서울,중구,202502,2025-02-01,,,,214.3,214.3,3060336114,,
11140,서울,중구,202503,2025-03-01,,,,2099.3,2099.3,3060336114,,
11140,서울,중구,202504,2025-04-01,,,,1485.62,1485.62,3060336114,,
11140,서울,중구,202505,2025-05-01,,,,1244.6799999999998,1244.6799999999998,3060336114,,
11140,서울,중구,202506,2025-06-01,,,,1608.5900000000001,1608.5900000000001,3060336114,,
11140,서울,중구,202507,2025-07-01,,,1.0,662.09,1149.48,3060336114,,
11140,서울,중구,202508,2025-08-01,,,,41793.61,52787.47,3060336114,,
11140,서울,중구,202509,2025-09-01,,,,2564.24,2769.6800000000003,3060336114,,
11140,서울,중구,202510,2025-10-01,,,,170.23,1026.4099999999999,3060336114,,
11140,서울,중구,202511,2025-11-01,,,2.0,12402.279999999999,12402.279999999999,3060336114,,
11140,서울,중구,202512,2025-12-01,,,,753.53,1658.01,3060336114,,
11140,서울,중구,202601,2026-01-01,,,,2102.33,2102.33,3060336114,,
11140,서울,중구,202602,2026-02-01,65.0,118133.07692307692,,1938.41,1938.41,3060336114,,
11140,서울,중구,202603,2026-03-01,104.0,118536.44230769231,,1462.42,1589.54,3060336114,,
11140,서울,중구,202604,2026-04-01,129.0,114514.88372093023,,1462.42,1589.54,3060336114,,
11140,서울,중구,202605,2026-05-01,124.0,133939.50806451612,,,,3060336114,,
11140,서울,중구,202606,2026-06-01,58.0,120008.62068965517,1.0,,,3060336114,,
11140,서울,중구,202607,2026-07-01,27.0,97582.5925925926,,,,3060336114,,
11170,서울,용산구,202502,2025-02-01,,,,1887.48,2507.39,3060336114,,
11170,서울,용산구,202503,2025-03-01,,,,3777.69,4473.34,3060336114,,
11170,서울,용산구,202504,2025-04-01,,,,183.33,183.33,3060336114,,
11170,서울,용산구,202505,2025-05-01,,,1.0,1725.8690000000001,2461.309,3060336114,,
11170,서울,용산구,202506,2025-06-01,,,1.0,418.1,657.95,3060336114,,
11170,서울,용산구,202507,2025-07-01,,,1.0,11682.36,11880.51,3060336114,3.4464285714285716,26.797385620915033
11170,서울,용산구,202508,2025-08-01,,,,3729.7499999999995,3729.75,3060336114,3.627906976744186,33.33333333333333
11170,서울,용산구,202509,2025-09-01,,,1.0,1771.51,1771.51,3060336114,3.4347826086956523,29.87012987012987
11170,서울,용산구,202510,2025-10-01,,,,4304.68,4401.7,3060336114,4.1,24.675324675324674
11170,서울,용산구,202511,2025-11-01,,,,5747.4800000000005,5747.48,3060336114,4.0,28.57142857142857
11170,서울,용산구,202512,2025-12-01,,,,2304.56,2469.7799999999997,3060336114,3.4444444444444438,31.11111111111111
11170,서울,용산구,202601,2026-01-01,,,,740.77,740.77,3060336114,2.3333333333333335,18.6046511627907
11170,서울,용산구,202602,2026-02-01,99.0,236073.63636363635,3.0,1224.67,1224.67,3060336114,3.45,37.704918032786885
11170,서울,용산구,202603,2026-03-01,78.0,243717.8205128205,1.0,2379.05,3275.95,3060336114,3.8400000000000003,24.137931034482758
11170,서울,용산구,202604,2026-04-01,141.0,232183.8439716312,,2379.05,3275.95,3060336114,3.1714285714285717,33.64485981308411
11170,서울,용산구,202605,2026-05-01,156.0,238635.62820512822,1.0,,,3060336114,3.3750000000000004,24.6031746031746
11170,서울,용산구,202606,2026-06-01,61.0,244695.0819672131,,,,3060336114,3.6956521739130435,28.47222222222222
11170,서울,용산구,202607,2026-07-01,18.0,235722.11111111112,,,,3060336114,,
11200,서울,성동구,202502,2025-02-01,,,,774.17,774.17,3060336114,,
11200,서울,성동구,202503,2025-03-01,,,,241.66,241.66,3060336114,,
11200,서울,성동구,202504,2025-04-01,,,1.0,10234.32,10234.32,3060336114,,
11200,서울,성동구,202505,2025-05-01,,,,997.92,1992.85,3060336114,,
11200,서울,성동구,202506,2025-06-01,,,,30738.2,30738.2,3060336114,,
11200,서울,성동구,202507,2025-07-01,,,,33863.89,33863.89,3060336114,,
11200,서울,성동구,202508,2025-08-01,,,,10730.41,21419.92,3060336114,,
11200,서울,성동구,202509,2025-09-01,,,,1779.1,1779.1,3060336114,,
11200,서울,성동구,202510,2025-10-01,,,,1997.89,1997.89,3060336114,,
11200,서울,성동구,202511,2025-11-01,,,,399.98,399.98,3060336114,,
11200,서울,성동구,202512,2025-12-01,,,,1724.85,1724.85,3060336114,,
11200,서울,성동구,202601,2026-01-01,,,,6321.5599999999995,6321.56,3060336114,,
11200,서울,성동구,202602,2026-02-01,120.0,170542.25,,2461.4,9259.678,3060336114,,
11200,서울,성동구,202603,2026-03-01,115.0,169036.95652173914,,37567.07,37567.07,3060336114,,
11200,서울,성동구,202604,2026-04-01,224.0,182195.5357142857,,37567.07,37567.07,3060336114,,
11200,서울,성동구,202605,2026-05-01,223.0,187906.95067264573,,,,3060336114,,
11200,서울,성동구,202606,2026-06-01,128.0,177390.625,,,,3060336114,,
11200,서울,성동구,202607,2026-07-01,37.0,189951.35135135136,,,,3060336114,,
11215,서울,광진구,202502,2025-02-01,,,,4845.17,5131.57,3060336114,,
11215,서울,광진구,202503,2025-03-01,,,,,,3060336114,,
11215,서울,광진구,202504,2025-04-01,,,,623.7,623.7,3060336114,,
11215,서울,광진구,202505,2025-05-01,,,,787.27,943.41,3060336114,,
11215,서울,광진구,202506,2025-06-01,,,,1655.5,1836.63,3060336114,,
11215,서울,광진구,202507,2025-07-01,,,,19194.310999999998,19526.411,3060336114,,
11215,서울,광진구,202508,2025-08-01,,,,2079.54,2505.68,3060336114,,
11215,서울,광진구,202509,2025-09-01,,,,,,3060336114,,
11215,서울,광진구,202510,2025-10-01,,,,1916.52,2075.92,3060336114,,
11215,서울,광진구,202511,2025-11-01,,,2.0,1781.87,1781.87,3060336114,,
11215,서울,광진구,202512,2025-12-01,,,,928.74,1390.82,3060336114,,
11215,서울,광진구,202601,2026-01-01,,,,2053.1800000000003,2379.7,3060336114,,
11215,서울,광진구,202602,2026-02-01,79.0,140761.64556962025,,14500.859,14500.859,3060336114,,
11215,서울,광진구,202603,2026-03-01,65.0,125803.84615384616,,4407.110000000001,4670.360000000001,3060336114,,
11215,서울,광진구,202604,2026-04-01,131.0,144116.03053435116,,4407.110000000001,4670.360000000001,3060336114,,
11215,서울,광진구,202605,2026-05-01,201.0,130369.65174129354,1.0,,,3060336114,,
11215,서울,광진구,202606,2026-06-01,71.0,143751.4084507042,,,,3060336114,,
11215,서울,광진구,202607,2026-07-01,41.0,152804.8780487805,,,,3060336114,,
11230,서울,동대문구,202502,2025-02-01,,,1.0,1072.35,1072.35,3060336114,,
11230,서울,동대문구,202503,2025-03-01,,,2.0,13272.71,14942.024,3060336114,,
11230,서울,동대문구,202504,2025-04-01,,,2.0,539.5029999999999,539.5029999999999,3060336114,,
11230,서울,동대문구,202505,2025-05-01,,,1.0,5585.821,5585.821,3060336114,,
11230,서울,동대문구,202506,2025-06-01,,,1.0,8012.530000000001,8012.53,3060336114,,
11230,서울,동대문구,202507,2025-07-01,,,,27742.191000000003,27742.191000000003,3060336114,,
11230,서울,동대문구,202508,2025-08-01,,,1.0,24276.04,24276.04,3060336114,,
11230,서울,동대문구,202509,2025-09-01,,,,1061.99,1544.95,3060336114,,
11230,서울,동대문구,202510,2025-10-01,,,1.0,2836.6,3016.37,3060336114,,
11230,서울,동대문구,202511,2025-11-01,,,,634.24,634.24,3060336114,,
11230,서울,동대문구,202512,2025-12-01,,,,15686.13,15686.13,3060336114,,
11230,서울,동대문구,202601,2026-01-01,,,,1965.51,1965.51,3060336114,,
11230,서울,동대문구,202602,2026-02-01,243.0,100603.93827160494,,1317.97,1475.328,3060336114,,
11230,서울,동대문구,202603,2026-03-01,241.0,92512.3112033195,1.0,945.4699999999999,945.47,3060336114,,
11230,서울,동대문구,202604,2026-04-01,386.0,97419.20466321244,,945.4699999999999,945.47,3060336114,,
11230,서울,동대문구,202605,2026-05-01,348.0,101892.10344827586,,,,3060336114,,
11230,서울,동대문구,202606,2026-06-01,235.0,107500.09787234043,,,,3060336114,,
11230,서울,동대문구,202607,2026-07-01,99.0,111947.44444444444,,,,3060336114,,
11260,서울,중랑구,202502,2025-02-01,,,1.0,3893.75,3893.75,3060336114,,
11260,서울,중랑구,202503,2025-03-01,,,,317.64,317.64,3060336114,,
11260,서울,중랑구,202504,2025-04-01,,,1.0,207.21,207.21,3060336114,,
11260,서울,중랑구,202505,2025-05-01,,,,1572.8999999999999,2394.47,3060336114,,
11260,서울,중랑구,202506,2025-06-01,,,,2122.8,2122.8,3060336114,,
11260,서울,중랑구,202507,2025-07-01,,,,659.77,659.77,3060336114,,
11260,서울,중랑구,202508,2025-08-01,,,,7019.77,7340.49,3060336114,,
11260,서울,중랑구,202509,2025-09-01,,,,3342.1800000000003,3392.83,3060336114,,
11260,서울,중랑구,202510,2025-10-01,,,,244.25,244.25,3060336114,,
11260,서울,중랑구,202511,2025-11-01,,,,220.0,303.34000000000003,3060336114,,
11260,서울,중랑구,202512,2025-12-01,,,,198.7,198.7,3060336114,,
11260,서울,중랑구,202601,2026-01-01,,,,6082.6900000000005,7317.6,3060336114,,
11260,서울,중랑구,202602,2026-02-01,207.0,70483.57487922705,,2017.02,2017.02,3060336114,,
11260,서울,중랑구,202603,2026-03-01,237.0,69447.89029535865,,,,3060336114,,
11260,서울,중랑구,202604,2026-04-01,394.0,68734.4923857868,1.0,,,3060336114,,
11260,서울,중랑구,202605,2026-05-01,319.0,68582.91222570532,,,,3060336114,,
11260,서울,중랑구,202606,2026-06-01,213.0,68694.3661971831,,,,3060336114,,
11260,서울,중랑구,202607,2026-07-01,390.0,43826.02564102564,,,,3060336114,,
11290,서울,성북구,202502,2025-02-01,,,,5156.04,5895.03,3060336114,,
11290,서울,성북구,202503,2025-03-01,,,,0.0,758.5,3060336114,,
11290,서울,성북구,202504,2025-04-01,,,1.0,2832.51,2832.51,3060336114,,
11290,서울,성북구,202505,2025-05-01,,,2.0,4727.17,5758.89,3060336114,,
11290,서울,성북구,202506,2025-06-01,,,,25974.847,25974.847,3060336114,,
11290,서울,성북구,202507,2025-07-01,,,1.0,1419.3300000000002,1419.3300000000002,3060336114,,
11290,서울,성북구,202508,2025-08-01,,,3.0,1111.98,1111.98,3060336114,,
11290,서울,성북구,202509,2025-09-01,,,1.0,0.0,1690.6100000000001,3060336114,,
11290,서울,성북구,202510,2025-10-01,,,1.0,,,3060336114,,
11290,서울,성북구,202511,2025-11-01,,,,2513.4700000000003,2878.4,3060336114,,
11290,서울,성북구,202512,2025-12-01,,,1.0,,,3060336114,,
11290,서울,성북구,202601,2026-01-01,,,3.0,0.0,262.83,3060336114,,
11290,서울,성북구,202602,2026-02-01,410.0,94498.48780487805,,0.0,125.7,3060336114,,
11290,서울,성북구,202603,2026-03-01,353.0,88169.80169971671,,263.81,1534.94,3060336114,,
11290,서울,성북구,202604,2026-04-01,499.0,92181.85971943887,1.0,263.81,1534.94,3060336114,,
11290,서울,성북구,202605,2026-05-01,499.0,95344.48897795592,1.0,,,3060336114,,
11290,서울,성북구,202606,2026-06-01,318.0,100001.63522012578,1.0,,,3060336114,,
11290,서울,성북구,202607,2026-07-01,150.0,96704.66666666667,,,,3060336114,,
11305,서울,강북구,202502,2025-02-01,,,,5324.24,5373.45,3060336114,,
11305,서울,강북구,202503,2025-03-01,,,,2001.4299999999998,2001.4299999999998,3060336114,,
11305,서울,강북구,202504,2025-04-01,,,,2092.97,2360.89,3060336114,,
11305,서울,강북구,202505,2025-05-01,,,,2367.54,2367.54,3060336114,,
11305,서울,강북구,202506,2025-06-01,,,,3657.17,3657.17,3060336114,,
11305,서울,강북구,202507,2025-07-01,,,,3688.49,4023.91,3060336114,,
11305,서울,강북구,202508,2025-08-01,,,,712.54,712.54,3060336114,,
11305,서울,강북구,202509,2025-09-01,,,,2914.86,2945.6600000000003,3060336114,,
11305,서울,강북구,202510,2025-10-01,,,,,,3060336114,,
11305,서울,강북구,202511,2025-11-01,,,,1514.1100000000001,7117.87,3060336114,,
11305,서울,강북구,202512,2025-12-01,,,,854.0,854.0,3060336114,,
11305,서울,강북구,202601,2026-01-01,,,,5368.060000000001,5368.06,3060336114,,
11305,서울,강북구,202602,2026-02-01,160.0,70591.25,,231.49,1537.72,3060336114,,
11305,서울,강북구,202603,2026-03-01,142.0,71788.02816901408,,3132.17,3132.17,3060336114,,
11305,서울,강북구,202604,2026-04-01,205.0,73816.58536585367,,1318.7,1318.7,3060336114,,
11305,서울,강북구,202605,2026-05-01,194.0,70972.42268041238,,,,3060336114,,
11305,서울,강북구,202606,2026-06-01,105.0,73598.09523809524,,,,3060336114,,
11305,서울,강북구,202607,2026-07-01,40.0,72555.0,,,,3060336114,,
11320,서울,도봉구,202502,2025-02-01,,,1.0,,,3060336114,,
11320,서울,도봉구,202503,2025-03-01,,,1.0,,,3060336114,,
11320,서울,도봉구,202504,2025-04-01,,,1.0,,,3060336114,,
11320,서울,도봉구,202505,2025-05-01,,,1.0,231.12,231.12,3060336114,,
11320,서울,도봉구,202506,2025-06-01,,,1.0,330.01,330.01,3060336114,,
11320,서울,도봉구,202507,2025-07-01,,,,69063.03700000001,69063.03700000001,3060336114,,
11320,서울,도봉구,202508,2025-08-01,,,,2988.33,2988.33,3060336114,,
11320,서울,도봉구,202509,2025-09-01,,,,374.49,374.49,3060336114,,
11320,서울,도봉구,202510,2025-10-01,,,,190.76,190.76,3060336114,,
11320,서울,도봉구,202511,2025-11-01,,,,1201.3600000000001,1201.3600000000001,3060336114,,
11320,서울,도봉구,202512,2025-12-01,,,1.0,5271.09,5340.52,3060336114,,
11320,서울,도봉구,202601,2026-01-01,,,,659.46,659.46,3060336114,,
11320,서울,도봉구,202602,2026-02-01,199.0,56067.71356783919,,,,3060336114,,
11320,서울,도봉구,202603,2026-03-01,258.0,55685.15891472868,1.0,659.05,659.05,3060336114,,
11320,서울,도봉구,202604,2026-04-01,400.0,56797.5,1.0,87230.29000000001,87230.29000000001,3060336114,,
11320,서울,도봉구,202605,2026-05-01,339.0,58054.7197640118,1.0,,,3060336114,,
11320,서울,도봉구,202606,2026-06-01,282.0,58889.89361702128,,,,3060336114,,
11320,서울,도봉구,202607,2026-07-01,143.0,57271.67832167832,,,,3060336114,,
11350,서울,노원구,202502,2025-02-01,,,1.0,1251.92,1251.92,3060336114,,
11350,서울,노원구,202503,2025-03-01,,,,,,3060336114,,
11350,서울,노원구,202504,2025-04-01,,,1.0,474.03999999999996,474.03999999999996,3060336114,,
11350,서울,노원구,202505,2025-05-01,,,,15190.169,15190.169,3060336114,,
11350,서울,노원구,202506,2025-06-01,,,2.0,,,3060336114,,
11350,서울,노원구,202507,2025-07-01,,,2.0,1105.9,1105.9,3060336114,3.520833333333333,23.015873015873016
11350,서울,노원구,202508,2025-08-01,,,1.0,55.44,55.44,3060336114,3.5757575757575757,25.0
11350,서울,노원구,202509,2025-09-01,,,1.0,,,3060336114,3.9333333333333336,26.82926829268293
11350,서울,노원구,202510,2025-10-01,,,1.0,459.05,459.05,3060336114,3.423076923076923,24.050632911392405
11350,서울,노원구,202511,2025-11-01,,,1.0,,,3060336114,3.3499999999999996,32.8125
11350,서울,노원구,202512,2025-12-01,,,,,,3060336114,3.947368421052632,17.073170731707318
11350,서울,노원구,202601,2026-01-01,,,,,,3060336114,3.3571428571428568,18.181818181818183
11350,서울,노원구,202602,2026-02-01,823.0,62261.15917375455,2.0,,,3060336114,3.6521739130434776,28.07017543859649
11350,서울,노원구,202603,2026-03-01,765.0,64303.660130718956,2.0,,,3060336114,3.666666666666666,32.926829268292686
11350,서울,노원구,202604,2026-04-01,1038.0,64331.25240847784,1.0,,,3060336114,3.871794871794872,30.392156862745097
11350,서울,노원구,202605,2026-05-01,892.0,66096.42376681614,1.0,,,3060336114,3.3137254901960786,32.06106870229007
11350,서울,노원구,202606,2026-06-01,675.0,68020.66666666667,2.0,,,3060336114,3.4042553191489366,28.02547770700637
11350,서울,노원구,202607,2026-07-01,292.0,70685.78767123287,,,,3060336114,,
11380,서울,은평구,202502,2025-02-01,,,1.0,8720.414,8720.414,3060336114,,
11380,서울,은평구,202503,2025-03-01,,,1.0,0.0,323.98,3060336114,,
11380,서울,은평구,202504,2025-04-01,,,6.0,9521.77,9521.77,3060336114,,
11380,서울,은평구,202505,2025-05-01,,,3.0,264.33,1532.08,3060336114,,
11380,서울,은평구,202506,2025-06-01,,,,3203.04,3203.04,3060336114,,
11380,서울,은평구,202507,2025-07-01,,,2.0,1479.12,1479.12,3060336114,,
11380,서울,은평구,202508,2025-08-01,,,,116.08,116.08,3060336114,,
11380,서울,은평구,202509,2025-09-01,,,1.0,895.01,1090.71,3060336114,,
11380,서울,은평구,202510,2025-10-01,,,1.0,197.34,621.9,3060336114,,
11380,서울,은평구,202511,2025-11-01,,,,,,3060336114,,
11380,서울,은평구,202512,2025-12-01,,,1.0,3047.974,3266.8940000000002,3060336114,,
11380,서울,은평구,202601,2026-01-01,,,4.0,89700.1,89700.1,3060336114,,
11380,서울,은평구,202602,2026-02-01,345.0,89244.0579710145,1.0,2341.07,2341.07,3060336114,,
11380,서울,은평구,202603,2026-03-01,322.0,77055.12422360248,2.0,1626.84,1626.84,3060336114,,
11380,서울,은평구,202604,2026-04-01,350.0,83937.91428571429,1.0,1626.84,1626.84,3060336114,,
11380,서울,은평구,202605,2026-05-01,387.0,91055.68475452196,1.0,,,3060336114,,
11380,서울,은평구,202606,2026-06-01,255.0,87361.78039215686,,,,3060336114,,
11380,서울,은평구,202607,2026-07-01,149.0,90048.9932885906,,,,3060336114,,
11410,서울,서대문구,202502,2025-02-01,,,,109.63,109.63,3060336114,,
11410,서울,서대문구,202503,2025-03-01,,,,1825.96,2377.6,3060336114,,
11410,서울,서대문구,202504,2025-04-01,,,,193.48,193.48,3060336114,,
11410,서울,서대문구,202505,2025-05-01,,,,317.64,317.64,3060336114,,
11410,서울,서대문구,202506,2025-06-01,,,,332.62,332.62,3060336114,,
11410,서울,서대문구,202507,2025-07-01,,,,0.0,300.76,3060336114,,
11410,서울,서대문구,202508,2025-08-01,,,,132.58,132.58,3060336114,,
11410,서울,서대문구,202509,2025-09-01,,,,0.0,147.94,3060336114,,
11410,서울,서대문구,202510,2025-10-01,,,,3923.85,3923.85,3060336114,,
11410,서울,서대문구,202511,2025-11-01,,,,,,3060336114,,
11410,서울,서대문구,202512,2025-12-01,,,,1798.43,1798.43,3060336114,,
11410,서울,서대문구,202601,2026-01-01,,,,1345.33,1756.9699999999998,3060336114,,
11410,서울,서대문구,202602,2026-02-01,227.0,98021.43612334802,1.0,1499.92,1884.25,3060336114,,
11410,서울,서대문구,202603,2026-03-01,244.0,101023.81147540984,,4101.860000000001,4101.860000000001,3060336114,,
11410,서울,서대문구,202604,2026-04-01,328.0,100383.5518292683,,5166.17,5166.17,3060336114,,
11410,서울,서대문구,202605,2026-05-01,305.0,106551.14754098361,,,,3060336114,,
11410,서울,서대문구,202606,2026-06-01,211.0,108082.9383886256,,,,3060336114,,
11410,서울,서대문구,202607,2026-07-01,108.0,110346.29629629629,,,,3060336114,,
11440,서울,마포구,202502,2025-02-01,,,1.0,998.75,998.75,3060336114,,
11440,서울,마포구,202503,2025-03-01,,,3.0,9255.208999999999,9255.208999999999,3060336114,,
11440,서울,마포구,202504,2025-04-01,,,2.0,4477.19,4942.8,3060336114,,
11440,서울,마포구,202505,2025-05-01,,,1.0,1928.03,2115.02,3060336114,,
11440,서울,마포구,202506,2025-06-01,,,,4502.95,4502.95,3060336114,,
11440,서울,마포구,202507,2025-07-01,,,,2714.503,2714.503,3060336114,,
11440,서울,마포구,202508,2025-08-01,,,1.0,1275.1100000000001,1275.1100000000001,3060336114,,
11440,서울,마포구,202509,2025-09-01,,,,660.12,660.12,3060336114,,
11440,서울,마포구,202510,2025-10-01,,,2.0,1152.67,1152.67,3060336114,,
11440,서울,마포구,202511,2025-11-01,,,1.0,2400.4,2400.4,3060336114,,
11440,서울,마포구,202512,2025-12-01,,,3.0,9876.539999999999,9876.539999999999,3060336114,,
11440,서울,마포구,202601,2026-01-01,,,3.0,3138.72,3680.21,3060336114,,
11440,서울,마포구,202602,2026-02-01,155.0,144006.9870967742,,3777.8999999999996,3777.8999999999996,3060336114,,
11440,서울,마포구,202603,2026-03-01,159.0,132421.38364779874,,20440.620000000003,20440.620000000003,3060336114,,
11440,서울,마포구,202604,2026-04-01,230.0,157337.60869565216,2.0,20440.620000000003,20440.620000000003,3060336114,,
11440,서울,마포구,202605,2026-05-01,277.0,152034.29602888087,,,,3060336114,,
11440,서울,마포구,202606,2026-06-01,151.0,152777.81456953642,,,,3060336114,,
11440,서울,마포구,202607,2026-07-01,49.0,129469.38775510204,,,,3060336114,,
11470,서울,양천구,202502,2025-02-01,,,,0.0,270.53,3060336114,,
11470,서울,양천구,202503,2025-03-01,,,1.0,8087.7,8358.23,3060336114,,
11470,서울,양천구,202504,2025-04-01,,,3.0,,,3060336114,,
11470,서울,양천구,202505,2025-05-01,,,,5574.716,5574.716,3060336114,,
11470,서울,양천구,202506,2025-06-01,,,,0.0,56.75,3060336114,,
11470,서울,양천구,202507,2025-07-01,,,,6697.55,6697.55,3060336114,,
11470,서울,양천구,202508,2025-08-01,,,1.0,1314.9499999999998,1314.9499999999998,3060336114,,
11470,서울,양천구,202509,2025-09-01,,,3.0,505.85,505.85,3060336114,,
11470,서울,양천구,202510,2025-10-01,,,2.0,328.1,328.1,3060336114,,
11470,서울,양천구,202511,2025-11-01,,,3.0,,,3060336114,,
11470,서울,양천구,202512,2025-12-01,,,,0.0,410.22,3060336114,,
11470,서울,양천구,202601,2026-01-01,,,1.0,1962.01,1962.01,3060336114,,
11470,서울,양천구,202602,2026-02-01,255.0,126713.6862745098,,1141.58,1141.58,3060336114,,
11470,서울,양천구,202603,2026-03-01,208.0,117281.00961538461,1.0,2992.05,2992.05,3060336114,,
11470,서울,양천구,202604,2026-04-01,281.0,120868.71886120997,,2992.05,3297.58,3060336114,,
11470,서울,양천구,202605,2026-05-01,304.0,126719.47697368421,,,,3060336114,,
11470,서울,양천구,202606,2026-06-01,215.0,125202.09302325582,,,,3060336114,,
11470,서울,양천구,202607,2026-07-01,127.0,130027.55905511811,,,,3060336114,,
11500,서울,강서구,202502,2025-02-01,,,2.0,1453.37,1453.37,3060336114,,
11500,서울,강서구,202503,2025-03-01,,,,314.0,314.0,3060336114,,
11500,서울,강서구,202504,2025-04-01,,,1.0,8385.55,9632.62,3060336114,,
11500,서울,강서구,202505,2025-05-01,,,,7479.425,7479.425,3060336114,,
11500,서울,강서구,202506,2025-06-01,,,1.0,100803.83,100803.83,3060336114,,
11500,서울,강서구,202507,2025-07-01,,,1.0,0.0,64.39,3060336114,,
11500,서울,강서구,202508,2025-08-01,,,1.0,504.2,837.66,3060336114,,
11500,서울,강서구,202509,2025-09-01,,,,0.0,385.32,3060336114,,
11500,서울,강서구,202510,2025-10-01,,,,4337.77,4337.77,3060336114,,
11500,서울,강서구,202511,2025-11-01,,,,10737.08,10737.08,3060336114,,
11500,서울,강서구,202512,2025-12-01,,,1.0,14767.24,14767.24,3060336114,,
11500,서울,강서구,202601,2026-01-01,,,1.0,56626.119999999995,57085.205,3060336114,,
11500,서울,강서구,202602,2026-02-01,405.0,91990.36790123457,4.0,659.47,16453.2,3060336114,,
11500,서울,강서구,202603,2026-03-01,362.0,91839.22651933701,,5378.39,5378.39,3060336114,,
11500,서울,강서구,202604,2026-04-01,617.0,87073.25769854133,,5378.39,5378.39,3060336114,,
11500,서울,강서구,202605,2026-05-01,583.0,93234.15094339622,1.0,,,3060336114,,
11500,서울,강서구,202606,2026-06-01,372.0,95036.12903225806,1.0,,,3060336114,,
11500,서울,강서구,202607,2026-07-01,157.0,90980.70063694268,,,,3060336114,,
11530,서울,구로구,202502,2025-02-01,,,4.0,7843.99,9548.36,3060336114,,
11530,서울,구로구,202503,2025-03-01,,,,,,3060336114,,
11530,서울,구로구,202504,2025-04-01,,,2.0,21773.19,39222.61,3060336114,,
11530,서울,구로구,202505,2025-05-01,,,,2133.72,2412.4799999999996,3060336114,,
11530,서울,구로구,202506,2025-06-01,,,4.0,11981.85,12248.08,3060336114,,
11530,서울,구로구,202507,2025-07-01,,,,92.16,92.16,3060336114,,
11530,서울,구로구,202508,2025-08-01,,,1.0,4699.28,4699.28,3060336114,,
11530,서울,구로구,202509,2025-09-01,,,1.0,,,3060336114,,
11530,서울,구로구,202510,2025-10-01,,,,0.0,149466.08,3060336114,,
11530,서울,구로구,202511,2025-11-01,,,,5932.34,5932.34,3060336114,,
11530,서울,구로구,202512,2025-12-01,,,,1040.63,1599.56,3060336114,,
11530,서울,구로구,202601,2026-01-01,,,,870.42,28639.39,3060336114,,
11530,서울,구로구,202602,2026-02-01,372.0,75187.5,,,,3060336114,,
11530,서울,구로구,202603,2026-03-01,375.0,75217.86666666667,,5155.65,5155.65,3060336114,,
11530,서울,구로구,202604,2026-04-01,481.0,73387.56756756757,,5155.65,5155.65,3060336114,,
11530,서울,구로구,202605,2026-05-01,696.0,61929.38218390805,2.0,,,3060336114,,
11530,서울,구로구,202606,2026-06-01,295.0,77304.06779661016,,,,3060336114,,
11530,서울,구로구,202607,2026-07-01,206.0,82603.15533980583,,,,3060336114,,
11545,서울,금천구,202502,2025-02-01,,,1.0,,,3060336114,,
11545,서울,금천구,202503,2025-03-01,,,2.0,657.34,657.34,3060336114,,
11545,서울,금천구,202504,2025-04-01,,,3.0,3612.54,3612.54,3060336114,,
11545,서울,금천구,202505,2025-05-01,,,,5004.49,41505.59,3060336114,,
11545,서울,금천구,202506,2025-06-01,,,1.0,3300.68,61711.66,3060336114,,
11545,서울,금천구,202507,2025-07-01,,,1.0,1775.85,1775.85,3060336114,,
11545,서울,금천구,202508,2025-08-01,,,,,,3060336114,,
11545,서울,금천구,202509,2025-09-01,,,,,,3060336114,,
11545,서울,금천구,202510,2025-10-01,,,,1629.5700000000002,30877.915,3060336114,,
11545,서울,금천구,202511,2025-11-01,,,,856.01,856.01,3060336114,,
11545,서울,금천구,202512,2025-12-01,,,3.0,443.88,443.88,3060336114,,
11545,서울,금천구,202601,2026-01-01,,,,1514.39,1514.39,3060336114,,
11545,서울,금천구,202602,2026-02-01,105.0,68501.90476190476,,,,3060336114,,
11545,서울,금천구,202603,2026-03-01,118.0,62167.79661016949,1.0,2221.35,2221.35,3060336114,,
11545,서울,금천구,202604,2026-04-01,158.0,68655.44303797468,1.0,2221.35,2221.35,3060336114,,
11545,서울,금천구,202605,2026-05-01,170.0,67441.79411764706,1.0,,,3060336114,,
11545,서울,금천구,202606,2026-06-01,103.0,67426.69902912622,,,,3060336114,,
11545,서울,금천구,202607,2026-07-01,62.0,73916.93548387097,,,,3060336114,,
11560,서울,영등포구,202502,2025-02-01,,,,8554.859999999999,8554.86,3060336114,,
11560,서울,영등포구,202503,2025-03-01,,,,20181.45,20181.45,3060336114,,
11560,서울,영등포구,202504,2025-04-01,,,,0.0,343.76,3060336114,,
11560,서울,영등포구,202505,2025-05-01,,,,223.91,223.91,3060336114,,
11560,서울,영등포구,202506,2025-06-01,,,1.0,1569.6999999999998,1845.953,3060336114,,
11560,서울,영등포구,202507,2025-07-01,,,,3701.32,3701.32,3060336114,,
11560,서울,영등포구,202508,2025-08-01,,,,1465.37,25933.75,3060336114,,
11560,서울,영등포구,202509,2025-09-01,,,1.0,1603.1100000000001,1603.1100000000001,3060336114,,
11560,서울,영등포구,202510,2025-10-01,,,,569.1,569.1,3060336114,,
11560,서울,영등포구,202511,2025-11-01,,,1.0,1324.9699999999998,1324.9699999999998,3060336114,,
11560,서울,영등포구,202512,2025-12-01,,,1.0,3608.1499999999996,3608.1499999999996,3060336114,,
11560,서울,영등포구,202601,2026-01-01,,,,5605.820000000001,5605.82,3060336114,,
11560,서울,영등포구,202602,2026-02-01,323.0,132677.3839009288,,3338.77,3338.7700000000004,3060336114,,
11560,서울,영등포구,202603,2026-03-01,270.0,118798.88888888889,,4723.13,4723.13,3060336114,,
11560,서울,영등포구,202604,2026-04-01,401.0,129119.20199501247,1.0,4723.13,4723.13,3060336114,,
11560,서울,영등포구,202605,2026-05-01,319.0,127639.39184952978,2.0,,,3060336114,,
11560,서울,영등포구,202606,2026-06-01,255.0,142334.70588235295,,,,3060336114,,
11560,서울,영등포구,202607,2026-07-01,111.0,140109.9099099099,,,,3060336114,,
11590,서울,동작구,202502,2025-02-01,,,,1223.84,1223.84,3060336114,,
11590,서울,동작구,202503,2025-03-01,,,2.0,3847.9500000000003,4916.55,3060336114,,
11590,서울,동작구,202504,2025-04-01,,,,,,3060336114,,
11590,서울,동작구,202505,2025-05-01,,,,703.8199999999999,703.8199999999999,3060336114,,
11590,서울,동작구,202506,2025-06-01,,,,2152.511,2649.261,3060336114,,
11590,서울,동작구,202507,2025-07-01,,,2.0,687.4,687.4,3060336114,3.4878048780487796,30.708661417322837
11590,서울,동작구,202508,2025-08-01,,,3.0,1994.37,2467.68,3060336114,3.513513513513513,22.52252252252252
11590,서울,동작구,202509,2025-09-01,,,1.0,574.12,574.12,3060336114,3.617647058823529,24.752475247524753
11590,서울,동작구,202510,2025-10-01,,,3.0,650.42,971.14,3060336114,3.952380952380952,23.333333333333332
11590,서울,동작구,202511,2025-11-01,,,2.0,467.55,467.55,3060336114,3.3333333333333335,24.390243902439025
11590,서울,동작구,202512,2025-12-01,,,1.0,1690.6,1890.02,3060336114,3.1999999999999997,25.581395348837212
11590,서울,동작구,202601,2026-01-01,,,1.0,3933.98,3933.98,3060336114,3.9,24.390243902439025
11590,서울,동작구,202602,2026-02-01,195.0,134047.1794871795,,11768.45,12048.470000000001,3060336114,3.6666666666666665,24.390243902439025
11590,서울,동작구,202603,2026-03-01,178.0,139920.50561797753,,4777.650000000001,4777.650000000001,3060336114,3.6666666666666665,32.25806451612903
11590,서울,동작구,202604,2026-04-01,316.0,143966.48734177215,1.0,4777.650000000001,4777.650000000001,3060336114,3.5833333333333335,26.744186046511626
11590,서울,동작구,202605,2026-05-01,353.0,141447.0254957507,1.0,,,3060336114,3.450980392156862,26.865671641791046
11590,서울,동작구,202606,2026-06-01,151.0,146322.18543046358,,,,3060336114,3.255813953488372,21.12676056338028
11590,서울,동작구,202607,2026-07-01,47.0,125495.14893617021,,,,3060336114,,
11620,서울,관악구,202502,2025-02-01,,,1.0,4620.435,4867.385,3060336114,,
11620,서울,관악구,202503,2025-03-01,,,,251.53,251.53,3060336114,,
11620,서울,관악구,202504,2025-04-01,,,,6476.562,7968.852,3060336114,,
11620,서울,관악구,202505,2025-05-01,,,,13128.759999999998,13729.35,3060336114,,
11620,서울,관악구,202506,2025-06-01,,,1.0,425.7,425.7,3060336114,,
11620,서울,관악구,202507,2025-07-01,,,1.0,2679.82,3630.27,3060336114,,
11620,서울,관악구,202508,2025-08-01,,,,1523.3600000000001,1523.3600000000001,3060336114,,
11620,서울,관악구,202509,2025-09-01,,,1.0,0.0,329.57,3060336114,,
11620,서울,관악구,202510,2025-10-01,,,1.0,622.42,622.42,3060336114,,
11620,서울,관악구,202511,2025-11-01,,,1.0,14370.428,14370.428,3060336114,,
11620,서울,관악구,202512,2025-12-01,,,1.0,1250.01,7504.070000000001,3060336114,,
11620,서울,관악구,202601,2026-01-01,,,2.0,634.75,809.17,3060336114,,
11620,서울,관악구,202602,2026-02-01,226.0,87359.51327433628,,1226.78,2118.62,3060336114,,
11620,서울,관악구,202603,2026-03-01,222.0,86347.7027027027,1.0,1372.2,1698.21,3060336114,,
11620,서울,관악구,202604,2026-04-01,304.0,89069.24342105263,2.0,2008.1000000000001,2334.11,3060336114,,
11620,서울,관악구,202605,2026-05-01,377.0,81508.35543766578,,,,3060336114,,
11620,서울,관악구,202606,2026-06-01,164.0,89435.40243902439,,,,3060336114,,
11620,서울,관악구,202607,2026-07-01,100.0,88883.5,,,,3060336114,,
11650,서울,서초구,202502,2025-02-01,,,1.0,19211.64,19211.640000000003,3060336114,,
11650,서울,서초구,202503,2025-03-01,,,,2698.8500000000004,2698.8500000000004,3060336114,,
11650,서울,서초구,202504,2025-04-01,,,,2304.81,2756.04,3060336114,,
11650,서울,서초구,202505,2025-05-01,,,1.0,22480.198,22663.648,3060336114,,
11650,서울,서초구,202506,2025-06-01,,,2.0,25531.08,61589.8,3060336114,,
11650,서울,서초구,202507,2025-07-01,,,2.0,46630.193,46829.893,3060336114,3.5,24.074074074074073
11650,서울,서초구,202508,2025-08-01,,,,3112.49,3112.49,3060336114,3.5416666666666665,26.126126126126124
11650,서울,서초구,202509,2025-09-01,,,1.0,20281.97,20281.97,3060336114,3.34375,27.27272727272727
11650,서울,서초구,202510,2025-10-01,,,1.0,9012.24,9012.24,3060336114,3.9375,29.508196721311474
11650,서울,서초구,202511,2025-11-01,,,1.0,2436.45,2436.45,3060336114,3.4999999999999996,19.565217391304348
11650,서울,서초구,202512,2025-12-01,,,,2836.0299999999997,3397.17,3060336114,3.642857142857143,27.27272727272727
11650,서울,서초구,202601,2026-01-01,,,1.0,2524.5,2655.64,3060336114,3.9,10.526315789473683
11650,서울,서초구,202602,2026-02-01,152.0,273581.3486842105,1.0,2404.5299999999997,4812.79,3060336114,3.4999999999999996,29.78723404255319
11650,서울,서초구,202603,2026-03-01,141.0,211996.09929078014,,6125.619000000001,6125.619,3060336114,4.05,23.88059701492537
11650,서울,서초구,202604,2026-04-01,306.0,269717.07189542486,3.0,6125.618800000001,6125.6188,3060336114,3.5172413793103443,31.868131868131865
11650,서울,서초구,202605,2026-05-01,394.0,297661.2944162437,1.0,,,3060336114,3.482758620689655,31.25
11650,서울,서초구,202606,2026-06-01,166.0,288782.8915662651,2.0,,,3060336114,3.488372093023256,30.201342281879196
11650,서울,서초구,202607,2026-07-01,43.0,184802.32558139536,,,,3060336114,,
11680,서울,강남구,202502,2025-02-01,,,,26630.946,26630.946,3060336114,,
11680,서울,강남구,202503,2025-03-01,,,3.0,19920.4,19920.4,3060336114,,
11680,서울,강남구,202504,2025-04-01,,,2.0,23145.5,23532.4,3060336114,,
11680,서울,강남구,202505,2025-05-01,,,,26914.383,26914.383,3060336114,,
11680,서울,강남구,202506,2025-06-01,,,1.0,14034.02,14034.02,3060336114,,
11680,서울,강남구,202507,2025-07-01,,,4.0,19578.692,19872.522,3060336114,,
11680,서울,강남구,202508,2025-08-01,,,,10811.163,10811.163,3060336114,,
11680,서울,강남구,202509,2025-09-01,,,1.0,10662.29,10662.29,3060336114,,
11680,서울,강남구,202510,2025-10-01,,,2.0,9264.11,14125.67,3060336114,,
11680,서울,강남구,202511,2025-11-01,,,1.0,27962.619,27962.619000000002,3060336114,,
11680,서울,강남구,202512,2025-12-01,,,3.0,24826.406999999996,25979.927,3060336114,,
11680,서울,강남구,202601,2026-01-01,,,2.0,11089.449999999999,11089.45,3060336114,,
11680,서울,강남구,202602,2026-02-01,162.0,259929.01234567902,1.0,5863.09,10929.0,3060336114,,
11680,서울,강남구,202603,2026-03-01,180.0,244581.11666666667,3.0,57062.8,57339.56,3060336114,,
11680,서울,강남구,202604,2026-04-01,418.0,283913.8755980861,3.0,57062.8,57339.56,3060336114,,
11680,서울,강남구,202605,2026-05-01,453.0,300463.7086092715,,,,3060336114,,
11680,서울,강남구,202606,2026-06-01,211.0,300381.990521327,1.0,,,3060336114,,
11680,서울,강남구,202607,2026-07-01,64.0,308264.84375,,,,3060336114,,
11710,서울,송파구,202502,2025-02-01,,,3.0,2045.58,3447.7200000000003,3060336114,,
11710,서울,송파구,202503,2025-03-01,,,,13298.196,14346.096000000001,3060336114,,
11710,서울,송파구,202504,2025-04-01,,,1.0,5847.477,12291.467,3060336114,,
11710,서울,송파구,202505,2025-05-01,,,3.0,3789.08,3789.08,3060336114,,
11710,서울,송파구,202506,2025-06-01,,,7.0,388.48,557.11,3060336114,,
11710,서울,송파구,202507,2025-07-01,,,1.0,2524.9900000000002,2924.33,3060336114,,
11710,서울,송파구,202508,2025-08-01,,,2.0,3793.1499999999996,4361.32,3060336114,,
11710,서울,송파구,202509,2025-09-01,,,3.0,6457.74,7271.65,3060336114,,
11710,서울,송파구,202510,2025-10-01,,,,3523.6899999999996,4272.54,3060336114,,
11710,서울,송파구,202511,2025-11-01,,,,10623.769999999999,11914.81,3060336114,,
11710,서울,송파구,202512,2025-12-01,,,6.0,868.3,1529.08,3060336114,,
11710,서울,송파구,202601,2026-01-01,,,,17587.782000000003,18536.902000000002,3060336114,,
11710,서울,송파구,202602,2026-02-01,301.0,192924.08637873753,,5534.19,6183.68,3060336114,,
11710,서울,송파구,202603,2026-03-01,287.0,183711.14982578397,2.0,2896.8500000000004,3519.9900000000002,3060336114,,
11710,서울,송파구,202604,2026-04-01,621.0,206972.29468599035,4.0,2896.8500000000004,3519.9900000000002,3060336114,,
11710,서울,송파구,202605,2026-05-01,605.0,216730.03305785125,1.0,,,3060336114,,
11710,서울,송파구,202606,2026-06-01,257.0,202812.2178988327,3.0,,,3060336114,,
11710,서울,송파구,202607,2026-07-01,97.0,195207.21649484537,,,,3060336114,,
11740,서울,강동구,202502,2025-02-01,,,4.0,400.58,646.56,3060336114,,
11740,서울,강동구,202503,2025-03-01,,,1.0,6984.6900000000005,7386.07,3060336114,,
11740,서울,강동구,202504,2025-04-01,,,1.0,8676.439999999999,9218.07,3060336114,,
11740,서울,강동구,202505,2025-05-01,,,3.0,0.0,712.54,3060336114,,
11740,서울,강동구,202506,2025-06-01,,,1.0,5947.95,6934.23,3060336114,,
11740,서울,강동구,202507,2025-07-01,,,3.0,4082.99,5395.900000000001,3060336114,,
11740,서울,강동구,202508,2025-08-01,,,,1668.7,2655.33,3060336114,,
11740,서울,강동구,202509,2025-09-01,,,2.0,1315.24,1750.87,3060336114,,
11740,서울,강동구,202510,2025-10-01,,,2.0,8556.64,21572.75,3060336114,,
11740,서울,강동구,202511,2025-11-01,,,2.0,1330.97,3682.5,3060336114,,
11740,서울,강동구,202512,2025-12-01,,,3.0,766.71,2154.61,3060336114,,
11740,서울,강동구,202601,2026-01-01,,,1.0,3829.9799999999996,5105.58,3060336114,,
11740,서울,강동구,202602,2026-02-01,301.0,125217.06312292359,,,,3060336114,,
11740,서울,강동구,202603,2026-03-01,237.0,115458.4388185654,2.0,13404.877,13404.877,3060336114,,
11740,서울,강동구,202604,2026-04-01,424.0,138559.19811320756,4.0,13404.8767,13404.8767,3060336114,,
11740,서울,강동구,202605,2026-05-01,484.0,146462.06611570247,,,,3060336114,,
11740,서울,강동구,202606,2026-06-01,202.0,138354.20792079208,,,,3060336114,,
11740,서울,강동구,202607,2026-07-01,45.0,124116.66666666667,,,,3060336114,,
41110,경기,수원시,202502,2025-02-01,,,,20002.451,20755.631,3536067620,,
41110,경기,수원시,202503,2025-03-01,,,,4459.71,6046.57,3536067620,,
41110,경기,수원시,202504,2025-04-01,,,,12206.330000000002,13155.91,3536067620,,
41110,경기,수원시,202505,2025-05-01,,,,5257.3150000000005,6386.51,3536067620,,
41110,경기,수원시,202506,2025-06-01,,,,2282.86,3136.39,3536067620,,
41110,경기,수원시,202507,2025-07-01,,,,11939.789999999999,12077.72,3536067620,,
41110,경기,수원시,202508,2025-08-01,,,,14703.36,16716.94,3536067620,,
41110,경기,수원시,202509,2025-09-01,,,,2637.85,3468.75,3536067620,,
41110,경기,수원시,202510,2025-10-01,,,,129505.57800000001,130597.148,3536067620,,
41110,경기,수원시,202511,2025-11-01,,,,48585.886,49010.166,3536067620,,
41110,경기,수원시,202512,2025-12-01,,,,6023.29,6291.8099999999995,3536067620,,
41110,경기,수원시,202601,2026-01-01,,,,5959.84,6320.37,3536067620,,
41110,경기,수원시,202602,2026-02-01,,,,8748.880000000001,9154.36,3536067620,,
41110,경기,수원시,202603,2026-03-01,,,,12052.220000000001,13146.02,3536067620,,
41110,경기,수원시,202604,2026-04-01,,,,12052.220000000001,13146.02,3536067620,,
41110,경기,수원시,202605,2026-05-01,,,,,,3536067620,,
41110,경기,수원시,202606,2026-06-01,,,,,,3536067620,,
41110,경기,수원시,202607,2026-07-01,,,,,,3536067620,,
41111,경기,수원시 장안구,202502,2025-02-01,,,1.0,,,3536067620,,
41111,경기,수원시 장안구,202503,2025-03-01,,,1.0,,,3536067620,,
41111,경기,수원시 장안구,202504,2025-04-01,,,,,,3536067620,,
41111,경기,수원시 장안구,202505,2025-05-01,,,1.0,,,3536067620,,
41111,경기,수원시 장안구,202506,2025-06-01,,,1.0,,,3536067620,,
41111,경기,수원시 장안구,202507,2025-07-01,,,3.0,,,3536067620,,
41111,경기,수원시 장안구,202508,2025-08-01,,,1.0,,,3536067620,,
41111,경기,수원시 장안구,202509,2025-09-01,,,,,,3536067620,,
41111,경기,수원시 장안구,202510,2025-10-01,,,,,,3536067620,,
41111,경기,수원시 장안구,202511,2025-11-01,,,,,,3536067620,,
41111,경기,수원시 장안구,202512,2025-12-01,,,,,,3536067620,,
41111,경기,수원시 장안구,202601,2026-01-01,,,,,,3536067620,,
41111,경기,수원시 장안구,202602,2026-02-01,264.0,57606.43939393939,1.0,,,3536067620,,
41111,경기,수원시 장안구,202603,2026-03-01,259.0,55884.16988416988,,,,3536067620,,
41111,경기,수원시 장안구,202604,2026-04-01,341.0,54532.66862170088,2.0,,,3536067620,,
41111,경기,수원시 장안구,202605,2026-05-01,379.0,57722.324538258574,,,,3536067620,,
41111,경기,수원시 장안구,202606,2026-06-01,265.0,60988.264150943396,,,,3536067620,,
41111,경기,수원시 장안구,202607,2026-07-01,189.0,61455.555555555555,,,,3536067620,,
41113,경기,수원시 권선구,202502,2025-02-01,,,,,,3536067620,,
41113,경기,수원시 권선구,202503,2025-03-01,,,1.0,,,3536067620,,
41113,경기,수원시 권선구,202504,2025-04-01,,,2.0,,,3536067620,,
41113,경기,수원시 권선구,202505,2025-05-01,,,,,,3536067620,,
41113,경기,수원시 권선구,202506,2025-06-01,,,1.0,,,3536067620,,
41113,경기,수원시 권선구,202507,2025-07-01,,,2.0,,,3536067620,,
41113,경기,수원시 권선구,202508,2025-08-01,,,1.0,,,3536067620,,
41113,경기,수원시 권선구,202509,2025-09-01,,,1.0,,,3536067620,,
41113,경기,수원시 권선구,202510,2025-10-01,,,2.0,,,3536067620,,
41113,경기,수원시 권선구,202511,2025-11-01,,,1.0,,,3536067620,,
41113,경기,수원시 권선구,202512,2025-12-01,,,,,,3536067620,,
41113,경기,수원시 권선구,202601,2026-01-01,,,,,,3536067620,,
41113,경기,수원시 권선구,202602,2026-02-01,410.0,47472.68292682927,1.0,,,3536067620,,
41113,경기,수원시 권선구,202603,2026-03-01,534.0,48221.395131086145,,,,3536067620,,
41113,경기,수원시 권선구,202604,2026-04-01,488.0,47815.08196721312,1.0,,,3536067620,,
41113,경기,수원시 권선구,202605,2026-05-01,447.0,48318.34451901566,,,,3536067620,,
41113,경기,수원시 권선구,202606,2026-06-01,556.0,50635.503597122304,,,,3536067620,,
41113,경기,수원시 권선구,202607,2026-07-01,436.0,50947.821100917434,,,,3536067620,,
41115,경기,수원시 팔달구,202502,2025-02-01,,,,,,3536067620,,
41115,경기,수원시 팔달구,202503,2025-03-01,,,1.0,,,3536067620,,
41115,경기,수원시 팔달구,202504,2025-04-01,,,,,,3536067620,,
41115,경기,수원시 팔달구,202505,2025-05-01,,,,,,3536067620,,
41115,경기,수원시 팔달구,202506,2025-06-01,,,,,,3536067620,,
41115,경기,수원시 팔달구,202507,2025-07-01,,,,,,3536067620,,
41115,경기,수원시 팔달구,202508,2025-08-01,,,,,,3536067620,,
41115,경기,수원시 팔달구,202509,2025-09-01,,,,,,3536067620,,
41115,경기,수원시 팔달구,202510,2025-10-01,,,,,,3536067620,,
41115,경기,수원시 팔달구,202511,2025-11-01,,,2.0,,,3536067620,,
41115,경기,수원시 팔달구,202512,2025-12-01,,,,,,3536067620,,
41115,경기,수원시 팔달구,202601,2026-01-01,,,,,,3536067620,,
41115,경기,수원시 팔달구,202602,2026-02-01,275.0,64361.67272727273,,,,3536067620,,
41115,경기,수원시 팔달구,202603,2026-03-01,238.0,62623.10924369748,,,,3536067620,,
41115,경기,수원시 팔달구,202604,2026-04-01,322.0,62072.54658385093,2.0,,,3536067620,,
41115,경기,수원시 팔달구,202605,2026-05-01,289.0,62790.1384083045,,,,3536067620,,
41115,경기,수원시 팔달구,202606,2026-06-01,250.0,67490.84,,,,3536067620,,
41115,경기,수원시 팔달구,202607,2026-07-01,145.0,67305.86206896552,,,,3536067620,,
41117,경기,수원시 영통구,202502,2025-02-01,,,,,,3536067620,,
41117,경기,수원시 영통구,202503,2025-03-01,,,1.0,,,3536067620,,
41117,경기,수원시 영통구,202504,2025-04-01,,,,,,3536067620,,
41117,경기,수원시 영통구,202505,2025-05-01,,,,,,3536067620,,
41117,경기,수원시 영통구,202506,2025-06-01,,,,,,3536067620,,
41117,경기,수원시 영통구,202507,2025-07-01,,,1.0,,,3536067620,,
41117,경기,수원시 영통구,202508,2025-08-01,,,,,,3536067620,,
41117,경기,수원시 영통구,202509,2025-09-01,,,1.0,,,3536067620,,
41117,경기,수원시 영통구,202510,2025-10-01,,,,,,3536067620,,
41117,경기,수원시 영통구,202511,2025-11-01,,,,,,3536067620,,
41117,경기,수원시 영통구,202512,2025-12-01,,,3.0,,,3536067620,,
41117,경기,수원시 영통구,202601,2026-01-01,,,1.0,,,3536067620,,
41117,경기,수원시 영통구,202602,2026-02-01,522.0,74811.49425287357,,,,3536067620,,
41117,경기,수원시 영통구,202603,2026-03-01,577.0,68537.95493934142,,,,3536067620,,
41117,경기,수원시 영통구,202604,2026-04-01,784.0,68347.38137755102,1.0,,,3536067620,,
41117,경기,수원시 영통구,202605,2026-05-01,705.0,74054.64539007092,1.0,,,3536067620,,
41117,경기,수원시 영통구,202606,2026-06-01,515.0,81858.25242718446,3.0,,,3536067620,,
41117,경기,수원시 영통구,202607,2026-07-01,376.0,79285.77127659574,,,,3536067620,,
41130,경기,성남시,202502,2025-02-01,,,,0.0,1768.38,3536067620,,
41130,경기,성남시,202503,2025-03-01,,,,4430.54,6670.38,3536067620,,
41130,경기,성남시,202504,2025-04-01,,,,0.0,498.03,3536067620,,
41130,경기,성남시,202505,2025-05-01,,,,131230.3,132217.09,3536067620,,
41130,경기,성남시,202506,2025-06-01,,,,2113.44,2113.44,3536067620,,
41130,경기,성남시,202507,2025-07-01,,,,4400.32,5319.49,3536067620,,
41130,경기,성남시,202508,2025-08-01,,,,688.82,44473.29,3536067620,,
41130,경기,성남시,202509,2025-09-01,,,,457.6,64097.26,3536067620,,
41130,경기,성남시,202510,2025-10-01,,,,1405.85,1653.97,3536067620,,
41130,경기,성남시,202511,2025-11-01,,,,184.9,184.9,3536067620,,
41130,경기,성남시,202512,2025-12-01,,,,2894.84,3491.76,3536067620,,
41130,경기,성남시,202601,2026-01-01,,,,11145.57,12840.52,3536067620,,
41130,경기,성남시,202602,2026-02-01,,,,22591.530000000002,22591.530000000002,3536067620,,
41130,경기,성남시,202603,2026-03-01,,,,698.69,66816.96,3536067620,,
41130,경기,성남시,202604,2026-04-01,,,,698.69,66997.06,3536067620,,
41130,경기,성남시,202605,2026-05-01,,,,,,3536067620,,
41130,경기,성남시,202606,2026-06-01,,,,,,3536067620,,
41130,경기,성남시,202607,2026-07-01,,,,,,3536067620,,
41131,경기,성남시 수정구,202502,2025-02-01,,,,,,3536067620,,
41131,경기,성남시 수정구,202503,2025-03-01,,,,,,3536067620,,
41131,경기,성남시 수정구,202504,2025-04-01,,,,,,3536067620,,
41131,경기,성남시 수정구,202505,2025-05-01,,,,,,3536067620,,
41131,경기,성남시 수정구,202506,2025-06-01,,,,,,3536067620,,
41131,경기,성남시 수정구,202507,2025-07-01,,,,,,3536067620,,
41131,경기,성남시 수정구,202508,2025-08-01,,,,,,3536067620,,
41131,경기,성남시 수정구,202509,2025-09-01,,,,,,3536067620,,
41131,경기,성남시 수정구,202510,2025-10-01,,,,,,3536067620,,
41131,경기,성남시 수정구,202511,2025-11-01,,,1.0,,,3536067620,,
41131,경기,성남시 수정구,202512,2025-12-01,,,,,,3536067620,,
41131,경기,성남시 수정구,202601,2026-01-01,,,,,,3536067620,,
41131,경기,성남시 수정구,202602,2026-02-01,125.0,115308.0,,,,3536067620,,
41131,경기,성남시 수정구,202603,2026-03-01,118.0,107112.18644067796,,,,3536067620,,
41131,경기,성남시 수정구,202604,2026-04-01,190.0,116339.15789473684,,,,3536067620,,
41131,경기,성남시 수정구,202605,2026-05-01,198.0,118708.37878787878,,,,3536067620,,
41131,경기,성남시 수정구,202606,2026-06-01,107.0,117544.39252336448,,,,3536067620,,
41131,경기,성남시 수정구,202607,2026-07-01,47.0,127208.51063829787,,,,3536067620,,
41133,경기,성남시 중원구,202502,2025-02-01,,,,,,3536067620,,
41133,경기,성남시 중원구,202503,2025-03-01,,,,,,3536067620,,
41133,경기,성남시 중원구,202504,2025-04-01,,,,,,3536067620,,
41133,경기,성남시 중원구,202505,2025-05-01,,,,,,3536067620,,
41133,경기,성남시 중원구,202506,2025-06-01,,,,,,3536067620,,
41133,경기,성남시 중원구,202507,2025-07-01,,,,,,3536067620,,
41133,경기,성남시 중원구,202508,2025-08-01,,,1.0,,,3536067620,,
41133,경기,성남시 중원구,202509,2025-09-01,,,,,,3536067620,,
41133,경기,성남시 중원구,202510,2025-10-01,,,,,,3536067620,,
41133,경기,성남시 중원구,202511,2025-11-01,,,,,,3536067620,,
41133,경기,성남시 중원구,202512,2025-12-01,,,1.0,,,3536067620,,
41133,경기,성남시 중원구,202601,2026-01-01,,,1.0,,,3536067620,,
41133,경기,성남시 중원구,202602,2026-02-01,151.0,84553.31125827815,,,,3536067620,,
41133,경기,성남시 중원구,202603,2026-03-01,136.0,75559.41176470589,2.0,,,3536067620,,
41133,경기,성남시 중원구,202604,2026-04-01,185.0,80477.02702702703,,,,3536067620,,
41133,경기,성남시 중원구,202605,2026-05-01,231.0,82489.23376623377,,,,3536067620,,
41133,경기,성남시 중원구,202606,2026-06-01,153.0,81098.12418300654,2.0,,,3536067620,,
41133,경기,성남시 중원구,202607,2026-07-01,60.0,82714.88333333333,,,,3536067620,,
41135,경기,성남시 분당구,202502,2025-02-01,,,1.0,,,3536067620,,
41135,경기,성남시 분당구,202503,2025-03-01,,,,,,3536067620,,
41135,경기,성남시 분당구,202504,2025-04-01,,,1.0,,,3536067620,,
41135,경기,성남시 분당구,202505,2025-05-01,,,1.0,,,3536067620,,
41135,경기,성남시 분당구,202506,2025-06-01,,,,,,3536067620,,
41135,경기,성남시 분당구,202507,2025-07-01,,,1.0,,,3536067620,3.4745762711864407,32.432432432432435
41135,경기,성남시 분당구,202508,2025-08-01,,,,,,3536067620,3.466666666666666,23.636363636363637
41135,경기,성남시 분당구,202509,2025-09-01,,,,,,3536067620,3.3214285714285716,25.925925925925924
41135,경기,성남시 분당구,202510,2025-10-01,,,1.0,,,3536067620,3.6666666666666665,33.9622641509434
41135,경기,성남시 분당구,202511,2025-11-01,,,3.0,,,3536067620,3.875,32.142857142857146
41135,경기,성남시 분당구,202512,2025-12-01,,,3.0,,,3536067620,3.764705882352941,35.714285714285715
41135,경기,성남시 분당구,202601,2026-01-01,,,4.0,,,3536067620,4.0,25.806451612903224
41135,경기,성남시 분당구,202602,2026-02-01,283.0,159109.0106007067,,,,3536067620,3.642857142857143,27.083333333333332
41135,경기,성남시 분당구,202603,2026-03-01,245.0,152624.68979591836,5.0,,,3536067620,3.4482758620689657,37.66233766233766
41135,경기,성남시 분당구,202604,2026-04-01,528.0,154835.4696969697,2.0,,,3536067620,3.678571428571429,23.595505617977526
41135,경기,성남시 분당구,202605,2026-05-01,522.0,158465.90038314176,3.0,,,3536067620,3.568181818181818,27.67857142857143
41135,경기,성남시 분당구,202606,2026-06-01,444.0,163974.43693693692,4.0,,,3536067620,3.3636363636363638,27.27272727272727
41135,경기,성남시 분당구,202607,2026-07-01,163.0,169307.9754601227,,,,3536067620,,
41150,경기,의정부시,202502,2025-02-01,,,,2938.7799999999997,3438.631,3536067620,,
41150,경기,의정부시,202503,2025-03-01,,,,0.0,521.22,3536067620,,
41150,경기,의정부시,202504,2025-04-01,,,,0.0,957.6,3536067620,,
41150,경기,의정부시,202505,2025-05-01,,,1.0,15903.375999999998,16346.186,3536067620,,
41150,경기,의정부시,202506,2025-06-01,,,1.0,96.0,180.61,3536067620,,
41150,경기,의정부시,202507,2025-07-01,,,,321.17,1241.35,3536067620,,
41150,경기,의정부시,202508,2025-08-01,,,,583.4100000000001,1084.04,3536067620,,
41150,경기,의정부시,202509,2025-09-01,,,,1122.1200000000001,1601.105,3536067620,,
41150,경기,의정부시,202510,2025-10-01,,,,27187.172000000002,27988.732000000004,3536067620,,
41150,경기,의정부시,202511,2025-11-01,,,,96.22,1783.27,3536067620,,
41150,경기,의정부시,202512,2025-12-01,,,1.0,808.97,2314.94,3536067620,,
41150,경기,의정부시,202601,2026-01-01,,,1.0,3320.576,4899.506,3536067620,,
41150,경기,의정부시,202602,2026-02-01,386.0,34644.17098445596,,588.33,588.33,3536067620,,
41150,경기,의정부시,202603,2026-03-01,560.0,36283.30357142857,1.0,,,3536067620,,
41150,경기,의정부시,202604,2026-04-01,506.0,35872.628458498024,,,,3536067620,,
41150,경기,의정부시,202605,2026-05-01,559.0,37923.7030411449,,,,3536067620,,
41150,경기,의정부시,202606,2026-06-01,505.0,36988.11881188119,1.0,,,3536067620,,
41150,경기,의정부시,202607,2026-07-01,347.0,37522.98270893372,,,,3536067620,,
41170,경기,안양시,202502,2025-02-01,,,,19820.37,19955.809999999998,3536067620,,
41170,경기,안양시,202503,2025-03-01,,,,1036.77,1268.3200000000002,3536067620,,
41170,경기,안양시,202504,2025-04-01,,,,41271.48700000001,41271.487,3536067620,,
41170,경기,안양시,202505,2025-05-01,,,,18371.18,18795.020000000004,3536067620,,
41170,경기,안양시,202506,2025-06-01,,,,779.73,779.73,3536067620,,
41170,경기,안양시,202507,2025-07-01,,,,463.98,706.1500000000001,3536067620,,
41170,경기,안양시,202508,2025-08-01,,,,,,3536067620,,
41170,경기,안양시,202509,2025-09-01,,,,22320.23,22320.23,3536067620,,
41170,경기,안양시,202510,2025-10-01,,,,,,3536067620,,
41170,경기,안양시,202511,2025-11-01,,,,592.8,592.8,3536067620,,
41170,경기,안양시,202512,2025-12-01,,,,333.7,6814.3,3536067620,,
41170,경기,안양시,202601,2026-01-01,,,,,,3536067620,,
41170,경기,안양시,202602,2026-02-01,,,,999.78,999.78,3536067620,,
41170,경기,안양시,202603,2026-03-01,,,,,,3536067620,,
41170,경기,안양시,202604,2026-04-01,,,,,,3536067620,,
41170,경기,안양시,202605,2026-05-01,,,,,,3536067620,,
41170,경기,안양시,202606,2026-06-01,,,,,,3536067620,,
41170,경기,안양시,202607,2026-07-01,,,,,,3536067620,,
41171,경기,안양시 만안구,202502,2025-02-01,,,,,,3536067620,,
41171,경기,안양시 만안구,202503,2025-03-01,,,1.0,,,3536067620,,
41171,경기,안양시 만안구,202504,2025-04-01,,,,,,3536067620,,
41171,경기,안양시 만안구,202505,2025-05-01,,,1.0,,,3536067620,,
41171,경기,안양시 만안구,202506,2025-06-01,,,,,,3536067620,,
41171,경기,안양시 만안구,202507,2025-07-01,,,,,,3536067620,3.358490566037736,31.125827814569533
41171,경기,안양시 만안구,202508,2025-08-01,,,,,,3536067620,3.3589743589743586,29.92125984251969
41171,경기,안양시 만안구,202509,2025-09-01,,,,,,3536067620,3.852941176470588,23.423423423423422
41171,경기,안양시 만안구,202510,2025-10-01,,,,,,3536067620,3.3437500000000004,29.629629629629626
41171,경기,안양시 만안구,202511,2025-11-01,,,,,,3536067620,3.1,33.84615384615385
41171,경기,안양시 만안구,202512,2025-12-01,,,1.0,,,3536067620,3.0666666666666664,37.03703703703704
41171,경기,안양시 만안구,202601,2026-01-01,,,1.0,,,3536067620,3.500000000000001,17.5
41171,경기,안양시 만안구,202602,2026-02-01,260.0,56739.61538461538,,,,3536067620,3.8823529411764706,28.000000000000004
41171,경기,안양시 만안구,202603,2026-03-01,307.0,61929.00651465798,,,,3536067620,3.4571428571428573,30.23255813953488
41171,경기,안양시 만안구,202604,2026-04-01,304.0,60845.72368421053,,,,3536067620,3.468749999999999,26.21359223300971
41171,경기,안양시 만안구,202605,2026-05-01,278.0,59456.97841726619,,,,3536067620,3.4999999999999996,19.2
41171,경기,안양시 만안구,202606,2026-06-01,311.0,62383.11897106109,1.0,,,3536067620,3.3278688524590168,23.42857142857143
41171,경기,안양시 만안구,202607,2026-07-01,174.0,59753.44827586207,,,,3536067620,,
41173,경기,안양시 동안구,202502,2025-02-01,,,2.0,,,3536067620,,
41173,경기,안양시 동안구,202503,2025-03-01,,,,,,3536067620,,
41173,경기,안양시 동안구,202504,2025-04-01,,,3.0,,,3536067620,,
41173,경기,안양시 동안구,202505,2025-05-01,,,2.0,,,3536067620,,
41173,경기,안양시 동안구,202506,2025-06-01,,,4.0,,,3536067620,,
41173,경기,안양시 동안구,202507,2025-07-01,,,1.0,,,3536067620,3.60377358490566,22.58064516129032
41173,경기,안양시 동안구,202508,2025-08-01,,,2.0,,,3536067620,3.428571428571428,30.555555555555557
41173,경기,안양시 동안구,202509,2025-09-01,,,1.0,,,3536067620,3.444444444444444,28.39506172839506
41173,경기,안양시 동안구,202510,2025-10-01,,,1.0,,,3536067620,3.8235294117647065,31.57894736842105
41173,경기,안양시 동안구,202511,2025-11-01,,,1.0,,,3536067620,3.7857142857142856,25.49019607843137
41173,경기,안양시 동안구,202512,2025-12-01,,,1.0,,,3536067620,3.75,26.190476190476193
41173,경기,안양시 동안구,202601,2026-01-01,,,,,,3536067620,3.0833333333333335,33.33333333333333
41173,경기,안양시 동안구,202602,2026-02-01,441.0,79661.22448979592,,,,3536067620,3.7857142857142856,27.500000000000004
41173,경기,안양시 동안구,202603,2026-03-01,499.0,79639.2384769539,1.0,,,3536067620,3.8461538461538467,27.631578947368425
41173,경기,안양시 동안구,202604,2026-04-01,719.0,75426.02503477052,1.0,,,3536067620,4.066666666666666,25.252525252525253
41173,경기,안양시 동안구,202605,2026-05-01,696.0,75070.63218390805,1.0,,,3536067620,3.5,29.126213592233007
41173,경기,안양시 동안구,202606,2026-06-01,478.0,82067.67782426778,1.0,,,3536067620,3.170212765957447,33.33333333333333
41173,경기,안양시 동안구,202607,2026-07-01,169.0,82397.92899408285,,,,3536067620,,
41190,경기,부천시,202502,2025-02-01,,,,1151.06,1151.06,3536067620,,
41190,경기,부천시,202503,2025-03-01,,,,2879.34,12982.210000000001,3536067620,,
41190,경기,부천시,202504,2025-04-01,,,,2917.5099999999998,2917.5099999999998,3536067620,,
41190,경기,부천시,202505,2025-05-01,,,,3793.79,11578.66,3536067620,,
41190,경기,부천시,202506,2025-06-01,,,,5581.721,7284.161,3536067620,,
41190,경기,부천시,202507,2025-07-01,,,,984.94,984.94,3536067620,,
41190,경기,부천시,202508,2025-08-01,,,,9329.676,9329.676,3536067620,,
41190,경기,부천시,202509,2025-09-01,,,,0.0,9956.37,3536067620,,
41190,경기,부천시,202510,2025-10-01,,,,4841.1,4841.1,3536067620,,
41190,경기,부천시,202511,2025-11-01,,,,0.0,542.8,3536067620,,
41190,경기,부천시,202512,2025-12-01,,,,6163.71,6248.44,3536067620,,
41190,경기,부천시,202601,2026-01-01,,,,1055.92,4095.2700000000004,3536067620,,
41190,경기,부천시,202602,2026-02-01,,,,0.0,911.84,3536067620,,
41190,경기,부천시,202603,2026-03-01,,,,1319.2,1319.2,3536067620,,
41190,경기,부천시,202604,2026-04-01,,,,1319.2,1319.2,3536067620,,
41190,경기,부천시,202605,2026-05-01,,,,,,3536067620,,
41190,경기,부천시,202606,2026-06-01,,,,,,3536067620,,
41190,경기,부천시,202607,2026-07-01,,,,,,3536067620,,
41192,경기,부천시 원미구,202502,2025-02-01,,,1.0,,,3536067620,,
41192,경기,부천시 원미구,202503,2025-03-01,,,,,,3536067620,,
41192,경기,부천시 원미구,202504,2025-04-01,,,,,,3536067620,,
41192,경기,부천시 원미구,202505,2025-05-01,,,,,,3536067620,,
41192,경기,부천시 원미구,202506,2025-06-01,,,1.0,,,3536067620,,
41192,경기,부천시 원미구,202507,2025-07-01,,,,,,3536067620,3.0624999999999996,24.444444444444443
41192,경기,부천시 원미구,202508,2025-08-01,,,,,,3536067620,3.2857142857142865,23.96694214876033
41192,경기,부천시 원미구,202509,2025-09-01,,,,,,3536067620,3.736842105263159,29.629629629629626
41192,경기,부천시 원미구,202510,2025-10-01,,,,,,3536067620,2.8750000000000004,29.629629629629626
41192,경기,부천시 원미구,202511,2025-11-01,,,,,,3536067620,3.7058823529411766,41.17647058823529
41192,경기,부천시 원미구,202512,2025-12-01,,,,,,3536067620,3.8636363636363638,32.72727272727273
41192,경기,부천시 원미구,202601,2026-01-01,,,,,,3536067620,3.5624999999999996,26.31578947368421
41192,경기,부천시 원미구,202602,2026-02-01,296.0,53403.91891891892,,,,3536067620,3.578947368421052,21.568627450980394
41192,경기,부천시 원미구,202603,2026-03-01,408.0,53659.08823529412,,,,3536067620,3.7058823529411766,31.3953488372093
41192,경기,부천시 원미구,202604,2026-04-01,429.0,54234.31235431235,,,,3536067620,3.515151515151515,28.723404255319153
41192,경기,부천시 원미구,202605,2026-05-01,491.0,54675.961303462325,1.0,,,3536067620,3.78,22.608695652173914
41192,경기,부천시 원미구,202606,2026-06-01,466.0,57933.7982832618,1.0,,,3536067620,3.2352941176470584,30.612244897959183
41192,경기,부천시 원미구,202607,2026-07-01,298.0,54816.44295302014,,,,3536067620,,
41194,경기,부천시 소사구,202502,2025-02-01,,,,,,3536067620,,
41194,경기,부천시 소사구,202503,2025-03-01,,,,,,3536067620,,
41194,경기,부천시 소사구,202504,2025-04-01,,,,,,3536067620,,
41194,경기,부천시 소사구,202505,2025-05-01,,,,,,3536067620,,
41194,경기,부천시 소사구,202506,2025-06-01,,,,,,3536067620,,
41194,경기,부천시 소사구,202507,2025-07-01,,,1.0,,,3536067620,,
41194,경기,부천시 소사구,202508,2025-08-01,,,,,,3536067620,,
41194,경기,부천시 소사구,202509,2025-09-01,,,,,,3536067620,,
41194,경기,부천시 소사구,202510,2025-10-01,,,1.0,,,3536067620,,
41194,경기,부천시 소사구,202511,2025-11-01,,,1.0,,,3536067620,,
41194,경기,부천시 소사구,202512,2025-12-01,,,,,,3536067620,,
41194,경기,부천시 소사구,202601,2026-01-01,,,,,,3536067620,,
41194,경기,부천시 소사구,202602,2026-02-01,156.0,50996.47435897436,,,,3536067620,,
41194,경기,부천시 소사구,202603,2026-03-01,249.0,49815.34136546185,,,,3536067620,,
41194,경기,부천시 소사구,202604,2026-04-01,230.0,48069.34782608696,1.0,,,3536067620,,
41194,경기,부천시 소사구,202605,2026-05-01,267.0,54118.183520599254,,,,3536067620,,
41194,경기,부천시 소사구,202606,2026-06-01,238.0,52639.44117647059,1.0,,,3536067620,,
41194,경기,부천시 소사구,202607,2026-07-01,147.0,53057.48299319728,,,,3536067620,,
41196,경기,부천시 오정구,202502,2025-02-01,,,5.0,,,3536067620,,
41196,경기,부천시 오정구,202503,2025-03-01,,,2.0,,,3536067620,,
41196,경기,부천시 오정구,202504,2025-04-01,,,3.0,,,3536067620,,
41196,경기,부천시 오정구,202505,2025-05-01,,,3.0,,,3536067620,,
41196,경기,부천시 오정구,202506,2025-06-01,,,5.0,,,3536067620,,
41196,경기,부천시 오정구,202507,2025-07-01,,,2.0,,,3536067620,3.596491228070175,26.623376623376622
41196,경기,부천시 오정구,202508,2025-08-01,,,7.0,,,3536067620,3.590909090909091,21.774193548387096
41196,경기,부천시 오정구,202509,2025-09-01,,,1.0,,,3536067620,3.583333333333333,22.61904761904762
41196,경기,부천시 오정구,202510,2025-10-01,,,,,,3536067620,3.1111111111111107,22.058823529411764
41196,경기,부천시 오정구,202511,2025-11-01,,,2.0,,,3536067620,3.8666666666666667,22.641509433962266
41196,경기,부천시 오정구,202512,2025-12-01,,,4.0,,,3536067620,4.2105263157894735,33.89830508474576
41196,경기,부천시 오정구,202601,2026-01-01,,,2.0,,,3536067620,4.0,27.500000000000004
41196,경기,부천시 오정구,202602,2026-02-01,44.0,27649.43181818182,2.0,,,3536067620,3.608695652173913,25.0
41196,경기,부천시 오정구,202603,2026-03-01,69.0,34300.72463768116,1.0,,,3536067620,3.7083333333333344,33.72093023255814
41196,경기,부천시 오정구,202604,2026-04-01,68.0,35158.82352941176,2.0,,,3536067620,3.4411764705882355,28.205128205128204
41196,경기,부천시 오정구,202605,2026-05-01,51.0,34132.549019607846,2.0,,,3536067620,3.5476190476190474,26.61290322580645
41196,경기,부천시 오정구,202606,2026-06-01,57.0,36753.68421052631,1.0,,,3536067620,3.423728813559322,22.988505747126435
41196,경기,부천시 오정구,202607,2026-07-01,30.0,34951.666666666664,,,,3536067620,,
41210,경기,광명시,202502,2025-02-01,,,,13611.68,13611.68,3536067620,,
41210,경기,광명시,202503,2025-03-01,,,1.0,0.0,265.64,3536067620,,
41210,경기,광명시,202504,2025-04-01,,,3.0,,,3536067620,,
41210,경기,광명시,202505,2025-05-01,,,,453.75,453.75,3536067620,,
41210,경기,광명시,202506,2025-06-01,,,1.0,,,3536067620,,
41210,경기,광명시,202507,2025-07-01,,,,,,3536067620,,
41210,경기,광명시,202508,2025-08-01,,,1.0,0.0,4240.24,3536067620,,
41210,경기,광명시,202509,2025-09-01,,,1.0,1161.67,1208.47,3536067620,,
41210,경기,광명시,202510,2025-10-01,,,,,,3536067620,,
41210,경기,광명시,202511,2025-11-01,,,,1673.8,1673.8,3536067620,,
41210,경기,광명시,202512,2025-12-01,,,,,,3536067620,,
41210,경기,광명시,202601,2026-01-01,,,,998.42,1178.97,3536067620,,
41210,경기,광명시,202602,2026-02-01,304.0,89221.71052631579,2.0,,,3536067620,,
41210,경기,광명시,202603,2026-03-01,337.0,84341.9584569733,,,,3536067620,,
41210,경기,광명시,202604,2026-04-01,430.0,84385.06976744186,,,,3536067620,,
41210,경기,광명시,202605,2026-05-01,414.0,84972.37198067633,,,,3536067620,,
41210,경기,광명시,202606,2026-06-01,238.0,90672.47478991597,,,,3536067620,,
41210,경기,광명시,202607,2026-07-01,119.0,88696.21848739496,,,,3536067620,,
41220,경기,평택시,202502,2025-02-01,,,,79448.66,99738.82,3536067620,,
41220,경기,평택시,202503,2025-03-01,,,2.0,250227.841,259364.781,3536067620,,
41220,경기,평택시,202504,2025-04-01,,,1.0,269532.961,345344.051,3536067620,,
41220,경기,평택시,202505,2025-05-01,,,1.0,15279.007000000001,20688.247,3536067620,,
41220,경기,평택시,202506,2025-06-01,,,,37064.87000000001,41405.87,3536067620,,
41220,경기,평택시,202507,2025-07-01,,,1.0,31958.111,55466.564,3536067620,,
41220,경기,평택시,202508,2025-08-01,,,,8431.42,14668.56,3536067620,,
41220,경기,평택시,202509,2025-09-01,,,,8593.128,18238.838,3536067620,,
41220,경기,평택시,202510,2025-10-01,,,,2587.04,10179.09,3536067620,,
41220,경기,평택시,202511,2025-11-01,,,1.0,8537.930000000002,35906.28,3536067620,,
41220,경기,평택시,202512,2025-12-01,,,,6420.539999999999,269660.406,3536067620,,
41220,경기,평택시,202601,2026-01-01,,,,5976.72,20643.04,3536067620,,
41220,경기,평택시,202602,2026-02-01,609.0,30972.137931034482,,8168.951999999999,12441.332,3536067620,,
41220,경기,평택시,202603,2026-03-01,904.0,27157.436946902653,2.0,1830.8000000000002,31712.760000000002,3536067620,,
41220,경기,평택시,202604,2026-04-01,778.0,28913.185089974293,,2564.8,32446.760000000002,3536067620,,
41220,경기,평택시,202605,2026-05-01,676.0,31352.741124260356,,,,3536067620,,
41220,경기,평택시,202606,2026-06-01,751.0,34790.93209054594,1.0,,,3536067620,,
41220,경기,평택시,202607,2026-07-01,483.0,36825.383022774324,,,,3536067620,,
41250,경기,동두천시,202502,2025-02-01,,,,1311.98,1361.02,3536067620,,
41250,경기,동두천시,202503,2025-03-01,,,,35172.873999999996,35172.873999999996,3536067620,,
41250,경기,동두천시,202504,2025-04-01,,,1.0,1023.88,1689.08,3536067620,,
41250,경기,동두천시,202505,2025-05-01,,,,654.1,3274.9,3536067620,,
41250,경기,동두천시,202506,2025-06-01,,,,0.0,208.54,3536067620,,
41250,경기,동두천시,202507,2025-07-01,,,1.0,262.36,407.71,3536067620,3.543478260869565,31.060606060606062
41250,경기,동두천시,202508,2025-08-01,,,,5488.22,5808.69,3536067620,3.3333333333333335,26.08695652173913
41250,경기,동두천시,202509,2025-09-01,,,1.0,1918.1299999999999,3629.29,3536067620,3.891891891891893,33.734939759036145
41250,경기,동두천시,202510,2025-10-01,,,,288.6,288.6,3536067620,3.578947368421053,26.984126984126984
41250,경기,동두천시,202511,2025-11-01,,,,432.96,432.96000000000004,3536067620,3.761904761904762,29.78723404255319
41250,경기,동두천시,202512,2025-12-01,,,,162.24,1036.72,3536067620,4.071428571428572,26.785714285714285
41250,경기,동두천시,202601,2026-01-01,,,,0.0,99.28,3536067620,3.8461538461538463,27.27272727272727
41250,경기,동두천시,202602,2026-02-01,60.0,17268.333333333332,1.0,321.24,420.13,3536067620,3.9523809523809526,28.26086956521739
41250,경기,동두천시,202603,2026-03-01,90.0,15626.277777777777,,740.0,740.0,3536067620,3.7241379310344827,32.467532467532465
41250,경기,동두천시,202604,2026-04-01,84.0,16731.904761904763,4.0,740.0,740.0,3536067620,3.81081081081081,24.0
41250,경기,동두천시,202605,2026-05-01,79.0,17506.962025316454,,,,3536067620,3.4,22.22222222222222
41250,경기,동두천시,202606,2026-06-01,97.0,16978.865979381444,2.0,,,3536067620,3.081632653061225,34.306569343065696
41250,경기,동두천시,202607,2026-07-01,52.0,15975.961538461539,,,,3536067620,,
41270,경기,안산시,202502,2025-02-01,,,,8580.12,9380.63,3536067620,,
41270,경기,안산시,202503,2025-03-01,,,,5960.879000000001,13543.969000000001,3536067620,,
41270,경기,안산시,202504,2025-04-01,,,,546747.074,549945.114,3536067620,,
41270,경기,안산시,202505,2025-05-01,,,,3275.8099999999995,11427.78,3536067620,,
41270,경기,안산시,202506,2025-06-01,,,,4969.84,19305.592,3536067620,,
41270,경기,안산시,202507,2025-07-01,,,,17731.640000000007,19627.260000000002,3536067620,,
41270,경기,안산시,202508,2025-08-01,,,,35909.841,38015.941,3536067620,,
41270,경기,안산시,202509,2025-09-01,,,,8214.248,17586.458000000002,3536067620,,
41270,경기,안산시,202510,2025-10-01,,,,38526.225000000006,40340.885,3536067620,,
41270,경기,안산시,202511,2025-11-01,,,,5551.57,10469.77,3536067620,,
41270,경기,안산시,202512,2025-12-01,,,,8878.524,14720.503999999999,3536067620,,
41270,경기,안산시,202601,2026-01-01,,,,7046.510000000001,8370.789999999999,3536067620,,
41270,경기,안산시,202602,2026-02-01,,,,3557.8099999999995,6164.8,3536067620,,
41270,경기,안산시,202603,2026-03-01,,,,5097.713,10307.623,3536067620,,
41270,경기,안산시,202604,2026-04-01,,,,5097.713,10749.263,3536067620,,
41270,경기,안산시,202605,2026-05-01,,,,,,3536067620,,
41270,경기,안산시,202606,2026-06-01,,,,,,3536067620,,
41270,경기,안산시,202607,2026-07-01,,,,,,3536067620,,
41271,경기,안산시 상록구,202502,2025-02-01,,,,,,3536067620,,
41271,경기,안산시 상록구,202503,2025-03-01,,,,,,3536067620,,
41271,경기,안산시 상록구,202504,2025-04-01,,,,,,3536067620,,
41271,경기,안산시 상록구,202505,2025-05-01,,,1.0,,,3536067620,,
41271,경기,안산시 상록구,202506,2025-06-01,,,,,,3536067620,,
41271,경기,안산시 상록구,202507,2025-07-01,,,,,,3536067620,,
41271,경기,안산시 상록구,202508,2025-08-01,,,,,,3536067620,,
41271,경기,안산시 상록구,202509,2025-09-01,,,,,,3536067620,,
41271,경기,안산시 상록구,202510,2025-10-01,,,,,,3536067620,,
41271,경기,안산시 상록구,202511,2025-11-01,,,,,,3536067620,,
41271,경기,안산시 상록구,202512,2025-12-01,,,,,,3536067620,,
41271,경기,안산시 상록구,202601,2026-01-01,,,,,,3536067620,,
41271,경기,안산시 상록구,202602,2026-02-01,149.0,38857.98657718121,,,,3536067620,,
41271,경기,안산시 상록구,202603,2026-03-01,203.0,38938.44827586207,,,,3536067620,,
41271,경기,안산시 상록구,202604,2026-04-01,193.0,37995.284974093265,,,,3536067620,,
41271,경기,안산시 상록구,202605,2026-05-01,152.0,41491.44736842105,,,,3536067620,,
41271,경기,안산시 상록구,202606,2026-06-01,144.0,42067.01388888889,,,,3536067620,,
41271,경기,안산시 상록구,202607,2026-07-01,74.0,38812.16216216216,,,,3536067620,,
41273,경기,안산시 단원구,202502,2025-02-01,,,,,,3536067620,,
41273,경기,안산시 단원구,202503,2025-03-01,,,2.0,,,3536067620,,
41273,경기,안산시 단원구,202504,2025-04-01,,,2.0,,,3536067620,,
41273,경기,안산시 단원구,202505,2025-05-01,,,,,,3536067620,,
41273,경기,안산시 단원구,202506,2025-06-01,,,,,,3536067620,,
41273,경기,안산시 단원구,202507,2025-07-01,,,3.0,,,3536067620,,
41273,경기,안산시 단원구,202508,2025-08-01,,,1.0,,,3536067620,,
41273,경기,안산시 단원구,202509,2025-09-01,,,1.0,,,3536067620,,
41273,경기,안산시 단원구,202510,2025-10-01,,,1.0,,,3536067620,,
41273,경기,안산시 단원구,202511,2025-11-01,,,,,,3536067620,,
41273,경기,안산시 단원구,202512,2025-12-01,,,1.0,,,3536067620,,
41273,경기,안산시 단원구,202601,2026-01-01,,,3.0,,,3536067620,,
41273,경기,안산시 단원구,202602,2026-02-01,233.0,47976.3347639485,,,,3536067620,,
41273,경기,안산시 단원구,202603,2026-03-01,302.0,48515.39735099338,2.0,,,3536067620,,
41273,경기,안산시 단원구,202604,2026-04-01,280.0,51145.53571428572,1.0,,,3536067620,,
41273,경기,안산시 단원구,202605,2026-05-01,319.0,47066.7868338558,3.0,,,3536067620,,
41273,경기,안산시 단원구,202606,2026-06-01,254.0,49217.32283464567,1.0,,,3536067620,,
41273,경기,안산시 단원구,202607,2026-07-01,144.0,46603.118055555555,,,,3536067620,,
41280,경기,고양시,202502,2025-02-01,,,,26614.374999999996,27640.265,3536067620,,
41280,경기,고양시,202503,2025-03-01,,,,3451.2200000000003,4127.45,3536067620,,
41280,경기,고양시,202504,2025-04-01,,,,3045.4999999999995,64994.83,3536067620,,
41280,경기,고양시,202505,2025-05-01,,,,5232.040000000001,9360.66,3536067620,,
41280,경기,고양시,202506,2025-06-01,,,,105538.68299999999,107319.363,3536067620,,
41280,경기,고양시,202507,2025-07-01,,,,4207.2,8238.66,3536067620,,
41280,경기,고양시,202508,2025-08-01,,,,31361.503000000004,34547.823000000004,3536067620,,
41280,경기,고양시,202509,2025-09-01,,,,46835.024999999994,48770.22499999999,3536067620,,
41280,경기,고양시,202510,2025-10-01,,,,2721.51,5355.98,3536067620,,
41280,경기,고양시,202511,2025-11-01,,,,23309.244000000006,254841.85700000002,3536067620,,
41280,경기,고양시,202512,2025-12-01,,,,13412.620000000003,15007.65,3536067620,,
41280,경기,고양시,202601,2026-01-01,,,,5207.68,7483.44,3536067620,,
41280,경기,고양시,202602,2026-02-01,,,,6186.55,7764.127,3536067620,,
41280,경기,고양시,202603,2026-03-01,,,,2787.9900000000002,5993.05,3536067620,,
41280,경기,고양시,202604,2026-04-01,,,,2787.9900000000002,5993.05,3536067620,,
41280,경기,고양시,202605,2026-05-01,,,,,,3536067620,,
41280,경기,고양시,202606,2026-06-01,,,,,,3536067620,,
41280,경기,고양시,202607,2026-07-01,,,,,,3536067620,,
41281,경기,고양시 덕양구,202502,2025-02-01,,,,,,3536067620,,
41281,경기,고양시 덕양구,202503,2025-03-01,,,1.0,,,3536067620,,
41281,경기,고양시 덕양구,202504,2025-04-01,,,11.0,,,3536067620,,
41281,경기,고양시 덕양구,202505,2025-05-01,,,5.0,,,3536067620,,
41281,경기,고양시 덕양구,202506,2025-06-01,,,4.0,,,3536067620,,
41281,경기,고양시 덕양구,202507,2025-07-01,,,2.0,,,3536067620,3.333333333333334,29.11392405063291
41281,경기,고양시 덕양구,202508,2025-08-01,,,,,,3536067620,3.0000000000000004,23.275862068965516
41281,경기,고양시 덕양구,202509,2025-09-01,,,1.0,,,3536067620,3.757575757575758,27.27272727272727
41281,경기,고양시 덕양구,202510,2025-10-01,,,2.0,,,3536067620,3.7916666666666665,25.675675675675674
41281,경기,고양시 덕양구,202511,2025-11-01,,,1.0,,,3536067620,3.4117647058823524,26.666666666666668
41281,경기,고양시 덕양구,202512,2025-12-01,,,1.0,,,3536067620,3.5,25.53191489361702
41281,경기,고양시 덕양구,202601,2026-01-01,,,1.0,,,3536067620,3.75,39.473684210526315
41281,경기,고양시 덕양구,202602,2026-02-01,406.0,57931.687192118225,2.0,,,3536067620,3.8,29.09090909090909
41281,경기,고양시 덕양구,202603,2026-03-01,495.0,57927.57575757576,2.0,,,3536067620,3.869565217391304,25.609756097560975
41281,경기,고양시 덕양구,202604,2026-04-01,491.0,59427.00610997964,2.0,,,3536067620,3.4242424242424243,19.626168224299064
41281,경기,고양시 덕양구,202605,2026-05-01,583.0,60949.55403087479,,,,3536067620,3.527777777777777,25.892857142857146
41281,경기,고양시 덕양구,202606,2026-06-01,541.0,59585.61922365989,,,,3536067620,3.2452830188679243,30.519480519480517
41281,경기,고양시 덕양구,202607,2026-07-01,268.0,57799.36567164179,,,,3536067620,,
41285,경기,고양시 일산동구,202502,2025-02-01,,,,,,3536067620,,
41285,경기,고양시 일산동구,202503,2025-03-01,,,,,,3536067620,,
41285,경기,고양시 일산동구,202504,2025-04-01,,,1.0,,,3536067620,,
41285,경기,고양시 일산동구,202505,2025-05-01,,,1.0,,,3536067620,,
41285,경기,고양시 일산동구,202506,2025-06-01,,,2.0,,,3536067620,,
41285,경기,고양시 일산동구,202507,2025-07-01,,,,,,3536067620,,
41285,경기,고양시 일산동구,202508,2025-08-01,,,,,,3536067620,,
41285,경기,고양시 일산동구,202509,2025-09-01,,,,,,3536067620,,
41285,경기,고양시 일산동구,202510,2025-10-01,,,1.0,,,3536067620,,
41285,경기,고양시 일산동구,202511,2025-11-01,,,2.0,,,3536067620,,
41285,경기,고양시 일산동구,202512,2025-12-01,,,1.0,,,3536067620,,
41285,경기,고양시 일산동구,202601,2026-01-01,,,,,,3536067620,,
41285,경기,고양시 일산동구,202602,2026-02-01,146.0,53341.438356164384,2.0,,,3536067620,,
41285,경기,고양시 일산동구,202603,2026-03-01,241.0,52695.103734439836,,,,3536067620,,
41285,경기,고양시 일산동구,202604,2026-04-01,196.0,53238.26530612245,,,,3536067620,,
41285,경기,고양시 일산동구,202605,2026-05-01,220.0,57951.36363636364,,,,3536067620,,
41285,경기,고양시 일산동구,202606,2026-06-01,218.0,56455.68807339449,1.0,,,3536067620,,
41285,경기,고양시 일산동구,202607,2026-07-01,110.0,55515.454545454544,,,,3536067620,,
41287,경기,고양시 일산서구,202502,2025-02-01,,,,,,3536067620,,
41287,경기,고양시 일산서구,202503,2025-03-01,,,,,,3536067620,,
41287,경기,고양시 일산서구,202504,2025-04-01,,,,,,3536067620,,
41287,경기,고양시 일산서구,202505,2025-05-01,,,,,,3536067620,,
41287,경기,고양시 일산서구,202506,2025-06-01,,,1.0,,,3536067620,,
41287,경기,고양시 일산서구,202507,2025-07-01,,,1.0,,,3536067620,,
41287,경기,고양시 일산서구,202508,2025-08-01,,,1.0,,,3536067620,,
41287,경기,고양시 일산서구,202509,2025-09-01,,,1.0,,,3536067620,,
41287,경기,고양시 일산서구,202510,2025-10-01,,,,,,3536067620,,
41287,경기,고양시 일산서구,202511,2025-11-01,,,1.0,,,3536067620,,
41287,경기,고양시 일산서구,202512,2025-12-01,,,,,,3536067620,,
41287,경기,고양시 일산서구,202601,2026-01-01,,,1.0,,,3536067620,,
41287,경기,고양시 일산서구,202602,2026-02-01,204.0,41808.57843137255,,,,3536067620,,
41287,경기,고양시 일산서구,202603,2026-03-01,273.0,40731.831501831504,,,,3536067620,,
41287,경기,고양시 일산서구,202604,2026-04-01,304.0,40982.96052631579,1.0,,,3536067620,,
41287,경기,고양시 일산서구,202605,2026-05-01,323.0,41547.36842105263,,,,3536067620,,
41287,경기,고양시 일산서구,202606,2026-06-01,309.0,42384.78964401295,,,,3536067620,,
41287,경기,고양시 일산서구,202607,2026-07-01,142.0,42390.49295774648,,,,3536067620,,
41290,경기,과천시,202502,2025-02-01,,,,1153.5,5694.091,3536067620,,
41290,경기,과천시,202503,2025-03-01,,,1.0,1438.99,2241.0299999999997,3536067620,,
41290,경기,과천시,202504,2025-04-01,,,,446.32,3641.099,3536067620,,
41290,경기,과천시,202505,2025-05-01,,,,350.16,1619.79,3536067620,,
41290,경기,과천시,202506,2025-06-01,,,,954.27,2759.48,3536067620,,
41290,경기,과천시,202507,2025-07-01,,,,1757.575,3462.625,3536067620,,
41290,경기,과천시,202508,2025-08-01,,,,0.0,532.53,3536067620,,
41290,경기,과천시,202509,2025-09-01,,,,48843.291,50692.451,3536067620,,
41290,경기,과천시,202510,2025-10-01,,,,2840.9399999999996,5162.82,3536067620,,
41290,경기,과천시,202511,2025-11-01,,,,0.0,1924.19,3536067620,,
41290,경기,과천시,202512,2025-12-01,,,1.0,1621.76,4447.05,3536067620,,
41290,경기,과천시,202601,2026-01-01,,,,437.91,437.91,3536067620,,
41290,경기,과천시,202602,2026-02-01,15.0,218726.66666666666,,0.0,1690.71,3536067620,,
41290,경기,과천시,202603,2026-03-01,24.0,208354.16666666666,,0.0,803.71,3536067620,,
41290,경기,과천시,202604,2026-04-01,49.0,212534.693877551,,0.0,803.71,3536067620,,
41290,경기,과천시,202605,2026-05-01,46.0,218754.34782608695,1.0,,,3536067620,,
41290,경기,과천시,202606,2026-06-01,24.0,227325.0,,,,3536067620,,
41290,경기,과천시,202607,2026-07-01,10.0,216900.0,,,,3536067620,,
41310,경기,구리시,202502,2025-02-01,,,,2099.8999999999996,2099.8999999999996,3536067620,,
41310,경기,구리시,202503,2025-03-01,,,2.0,3252.525,3252.525,3536067620,,
41310,경기,구리시,202504,2025-04-01,,,1.0,230.23,230.23,3536067620,,
41310,경기,구리시,202505,2025-05-01,,,,921.48,921.48,3536067620,,
41310,경기,구리시,202506,2025-06-01,,,1.0,,,3536067620,,
41310,경기,구리시,202507,2025-07-01,,,2.0,,,3536067620,3.511111111111111,25.71428571428571
41310,경기,구리시,202508,2025-08-01,,,,,,3536067620,2.9999999999999996,25.806451612903224
41310,경기,구리시,202509,2025-09-01,,,2.0,,,3536067620,3.931034482758621,30.76923076923077
41310,경기,구리시,202510,2025-10-01,,,1.0,12337.6,12337.6,3536067620,3.958333333333334,13.432835820895523
41310,경기,구리시,202511,2025-11-01,,,,,,3536067620,3.6,25.0
41310,경기,구리시,202512,2025-12-01,,,1.0,298.12,298.12,3536067620,3.5,16.27906976744186
41310,경기,구리시,202601,2026-01-01,,,,2296.74,2575.82,3536067620,3.6190476190476195,27.27272727272727
41310,경기,구리시,202602,2026-02-01,394.0,67486.16751269036,,1363.57,1363.57,3536067620,3.5789473684210527,21.818181818181817
41310,경기,구리시,202603,2026-03-01,436.0,70326.49082568807,1.0,709.14,709.14,3536067620,3.576923076923077,27.027027027027028
41310,경기,구리시,202604,2026-04-01,370.0,72135.08108108108,,709.14,709.14,3536067620,3.678571428571429,22.22222222222222
41310,경기,구리시,202605,2026-05-01,319.0,72658.2131661442,1.0,,,3536067620,3.8,27.64227642276423
41310,경기,구리시,202606,2026-06-01,423.0,76970.33096926715,,,,3536067620,3.4918032786885247,21.604938271604937
41310,경기,구리시,202607,2026-07-01,43.0,68843.02325581395,,,,3536067620,,
41360,경기,남양주시,202502,2025-02-01,,,1.0,7443.41,12109.189,3536067620,,
41360,경기,남양주시,202503,2025-03-01,,,,2278.2200000000003,6294.84,3536067620,,
41360,경기,남양주시,202504,2025-04-01,,,,12607.240000000003,15862.08,3536067620,,
41360,경기,남양주시,202505,2025-05-01,,,,7587.821999999999,13836.512,3536067620,,
41360,경기,남양주시,202506,2025-06-01,,,,7778.83,31424.14,3536067620,,
41360,경기,남양주시,202507,2025-07-01,,,,11665.029999999999,15135.85,3536067620,3.3818181818181823,24.050632911392405
41360,경기,남양주시,202508,2025-08-01,,,,9894.5,15119.46,3536067620,3.327272727272728,30.201342281879196
41360,경기,남양주시,202509,2025-09-01,,,,12722.57,14564.62,3536067620,3.7307692307692304,29.72972972972973
41360,경기,남양주시,202510,2025-10-01,,,1.0,8636.43,9729.94,3536067620,3.782608695652174,27.631578947368425
41360,경기,남양주시,202511,2025-11-01,,,,7428.5199999999995,8605.6,3536067620,3.4761904761904763,23.728813559322035
41360,경기,남양주시,202512,2025-12-01,,,2.0,4246.95,6593.19,3536067620,3.6999999999999997,26.923076923076923
41360,경기,남양주시,202601,2026-01-01,,,1.0,176951.939,187122.66,3536067620,3.9444444444444446,34.42622950819672
41360,경기,남양주시,202602,2026-02-01,713.0,56134.792426367465,,9420.300000000001,16053.130000000001,3536067620,3.8333333333333335,27.450980392156865
41360,경기,남양주시,202603,2026-03-01,883.0,50792.85390713477,4.0,7172.91,8986.61,3536067620,3.75,25.882352941176475
41360,경기,남양주시,202604,2026-04-01,798.0,53364.06892230576,3.0,8163.36,9977.06,3536067620,3.3243243243243246,25.742574257425744
41360,경기,남양주시,202605,2026-05-01,956.0,56837.25627615063,1.0,,,3536067620,3.303030303030304,30.714285714285715
41360,경기,남양주시,202606,2026-06-01,1002.0,57763.21357285429,,,,3536067620,3.534482758620689,26.94610778443114
41360,경기,남양주시,202607,2026-07-01,634.0,58616.04100946372,,,,3536067620,,
41370,경기,오산시,202502,2025-02-01,,,,1494.14,9330.621,3536067620,,
41370,경기,오산시,202503,2025-03-01,,,,11121.099999999999,11750.598,3536067620,,
41370,경기,오산시,202504,2025-04-01,,,,9673.03,9793.130000000001,3536067620,,
41370,경기,오산시,202505,2025-05-01,,,,1567.9500000000003,5068.17,3536067620,,
41370,경기,오산시,202506,2025-06-01,,,,31141.551,32176.611,3536067620,,
41370,경기,오산시,202507,2025-07-01,,,,1424.045,1512.265,3536067620,,
41370,경기,오산시,202508,2025-08-01,,,1.0,30073.844999999998,283174.305,3536067620,,
41370,경기,오산시,202509,2025-09-01,,,1.0,28.8,13368.92,3536067620,,
41370,경기,오산시,202510,2025-10-01,,,,3760.635,17278.735,3536067620,,
41370,경기,오산시,202511,2025-11-01,,,,775.6700000000001,1699.24,3536067620,,
41370,경기,오산시,202512,2025-12-01,,,,1675.882,2057.592,3536067620,,
41370,경기,오산시,202601,2026-01-01,,,,0.0,2309.56,3536067620,,
41370,경기,오산시,202602,2026-02-01,231.0,34891.493506493505,1.0,6663.32,9418.992,3536067620,,
41370,경기,오산시,202603,2026-03-01,282.0,34212.83687943262,1.0,681.1,4932.25,3536067620,,
41370,경기,오산시,202604,2026-04-01,272.0,33946.231617647056,2.0,681.1,4932.25,3536067620,,
41370,경기,오산시,202605,2026-05-01,272.0,34304.22794117647,,,,3536067620,,
41370,경기,오산시,202606,2026-06-01,308.0,36322.52597402597,2.0,,,3536067620,,
41370,경기,오산시,202607,2026-07-01,296.0,39780.49662162162,,,,3536067620,,
41390,경기,시흥시,202502,2025-02-01,,,,38111.256,46985.506,3536067620,,
41390,경기,시흥시,202503,2025-03-01,,,,39803.31,46748.38,3536067620,,
41390,경기,시흥시,202504,2025-04-01,,,,15919.600000000002,16258.12,3536067620,,
41390,경기,시흥시,202505,2025-05-01,,,1.0,35975.79,42489.69,3536067620,,
41390,경기,시흥시,202506,2025-06-01,,,,5855.35,7970.51,3536067620,,
41390,경기,시흥시,202507,2025-07-01,,,1.0,59718.18000000001,69425.569,3536067620,,
41390,경기,시흥시,202508,2025-08-01,,,,3360.51,8863.695,3536067620,,
41390,경기,시흥시,202509,2025-09-01,,,,11291.720000000001,14216.24,3536067620,,
41390,경기,시흥시,202510,2025-10-01,,,,68132.74,158029.5,3536067620,,
41390,경기,시흥시,202511,2025-11-01,,,1.0,2459.26,3383.51,3536067620,,
41390,경기,시흥시,202512,2025-12-01,,,,786.42,2227.7839999999997,3536067620,,
41390,경기,시흥시,202601,2026-01-01,,,,1755.52,6412.660000000001,3536067620,,
41390,경기,시흥시,202602,2026-02-01,437.0,39222.048054919906,1.0,7456.99,20080.48,3536067620,,
41390,경기,시흥시,202603,2026-03-01,606.0,41368.448844884486,,2115.7050000000004,6658.225,3536067620,,
41390,경기,시흥시,202604,2026-04-01,601.0,39032.07321131448,6.0,2115.7050000000004,6658.225,3536067620,,
41390,경기,시흥시,202605,2026-05-01,581.0,42047.26333907057,,,,3536067620,,
41390,경기,시흥시,202606,2026-06-01,539.0,41433.47866419295,1.0,,,3536067620,,
41390,경기,시흥시,202607,2026-07-01,358.0,43795.81005586592,,,,3536067620,,
41410,경기,군포시,202502,2025-02-01,,,,523.88,523.88,3536067620,,
41410,경기,군포시,202503,2025-03-01,,,2.0,194.05,9771.65,3536067620,,
41410,경기,군포시,202504,2025-04-01,,,1.0,0.0,1479.39,3536067620,,
41410,경기,군포시,202505,2025-05-01,,,,,,3536067620,,
41410,경기,군포시,202506,2025-06-01,,,1.0,0.0,1941.07,3536067620,,
41410,경기,군포시,202507,2025-07-01,,,,,,3536067620,,
41410,경기,군포시,202508,2025-08-01,,,,0.0,160.2,3536067620,,
41410,경기,군포시,202509,2025-09-01,,,,440.29,603.49,3536067620,,
41410,경기,군포시,202510,2025-10-01,,,,,,3536067620,,
41410,경기,군포시,202511,2025-11-01,,,,0.0,132.0,3536067620,,
41410,경기,군포시,202512,2025-12-01,,,,0.0,133.2,3536067620,,
41410,경기,군포시,202601,2026-01-01,,,1.0,,,3536067620,,
41410,경기,군포시,202602,2026-02-01,314.0,49456.019108280256,,0.0,6782.240000000001,3536067620,,
41410,경기,군포시,202603,2026-03-01,378.0,47430.82010582011,,,,3536067620,,
41410,경기,군포시,202604,2026-04-01,396.0,48137.34848484849,,,,3536067620,,
41410,경기,군포시,202605,2026-05-01,418.0,48409.33014354067,,,,3536067620,,
41410,경기,군포시,202606,2026-06-01,464.0,51214.762931034486,2.0,,,3536067620,,
41410,경기,군포시,202607,2026-07-01,315.0,47000.15873015873,,,,3536067620,,
41430,경기,의왕시,202502,2025-02-01,,,2.0,2111.16,2111.16,3536067620,,
41430,경기,의왕시,202503,2025-03-01,,,2.0,0.0,151.93,3536067620,,
41430,경기,의왕시,202504,2025-04-01,,,2.0,405.56,4782.74,3536067620,,
41430,경기,의왕시,202505,2025-05-01,,,4.0,,,3536067620,,
41430,경기,의왕시,202506,2025-06-01,,,2.0,1161.31,2231.0099999999998,3536067620,,
41430,경기,의왕시,202507,2025-07-01,,,2.0,4359.439,5219.779,3536067620,,
41430,경기,의왕시,202508,2025-08-01,,,3.0,953.787,1418.017,3536067620,,
41430,경기,의왕시,202509,2025-09-01,,,5.0,0.0,1877.325,3536067620,,
41430,경기,의왕시,202510,2025-10-01,,,2.0,302800.818,302800.818,3536067620,,
41430,경기,의왕시,202511,2025-11-01,,,6.0,765.0699999999999,1643.59,3536067620,,
41430,경기,의왕시,202512,2025-12-01,,,1.0,,,3536067620,,
41430,경기,의왕시,202601,2026-01-01,,,1.0,11622.02,12936.029999999999,3536067620,,
41430,경기,의왕시,202602,2026-02-01,170.0,75606.76470588235,3.0,870.68,870.68,3536067620,,
41430,경기,의왕시,202603,2026-03-01,172.0,72159.88372093023,4.0,7943.5,7943.5,3536067620,,
41430,경기,의왕시,202604,2026-04-01,319.0,79596.7210031348,1.0,7943.5,7943.5,3536067620,,
41430,경기,의왕시,202605,2026-05-01,275.0,78920.18181818182,1.0,,,3536067620,,
41430,경기,의왕시,202606,2026-06-01,176.0,78166.76136363637,3.0,,,3536067620,,
41430,경기,의왕시,202607,2026-07-01,86.0,81735.30232558139,,,,3536067620,,
41450,경기,하남시,202502,2025-02-01,,,1.0,33892.71,37827.88,3536067620,,
41450,경기,하남시,202503,2025-03-01,,,2.0,185.6,667.12,3536067620,,
41450,경기,하남시,202504,2025-04-01,,,1.0,9622.18,9622.18,3536067620,,
41450,경기,하남시,202505,2025-05-01,,,,4223.09,8560.72,3536067620,,
41450,경기,하남시,202506,2025-06-01,,,,28692.688,28875.088,3536067620,,
41450,경기,하남시,202507,2025-07-01,,,,15864.710000000001,16054.310000000001,3536067620,,
41450,경기,하남시,202508,2025-08-01,,,,4173.3,12141.23,3536067620,,
41450,경기,하남시,202509,2025-09-01,,,,5505.25,6557.09,3536067620,,
41450,경기,하남시,202510,2025-10-01,,,,1072.5900000000001,1472.1100000000001,3536067620,,
41450,경기,하남시,202511,2025-11-01,,,1.0,53946.276000000005,66885.716,3536067620,,
41450,경기,하남시,202512,2025-12-01,,,1.0,1686.93,5788.72,3536067620,,
41450,경기,하남시,202601,2026-01-01,,,1.0,4610.896,16747.976000000002,3536067620,,
41450,경기,하남시,202602,2026-02-01,285.0,109124.0,,354.61,354.61,3536067620,,
41450,경기,하남시,202603,2026-03-01,263.0,99050.19011406843,3.0,3214.849,3214.849,3536067620,,
41450,경기,하남시,202604,2026-04-01,332.0,101010.99397590362,1.0,3893.259,3893.259,3536067620,,
41450,경기,하남시,202605,2026-05-01,363.0,105931.98347107437,1.0,,,3536067620,,
41450,경기,하남시,202606,2026-06-01,299.0,112270.63545150502,,,,3536067620,,
41450,경기,하남시,202607,2026-07-01,151.0,109132.45033112583,,,,3536067620,,
41460,경기,용인시,202502,2025-02-01,,,,23791.050000000003,34973.31,3536067620,,
41460,경기,용인시,202503,2025-03-01,,,,14905.37,21187.5,3536067620,,
41460,경기,용인시,202504,2025-04-01,,,,43136.850999999995,57975.531,3536067620,,
41460,경기,용인시,202505,2025-05-01,,,,7881.680000000001,35368.840000000004,3536067620,,
41460,경기,용인시,202506,2025-06-01,,,,15124.344,28387.384,3536067620,,
41460,경기,용인시,202507,2025-07-01,,,,27883.509999999995,36833.51,3536067620,,
41460,경기,용인시,202508,2025-08-01,,,,41668.68,46620.95,3536067620,,
41460,경기,용인시,202509,2025-09-01,,,,16936.72,29234.641,3536067620,,
41460,경기,용인시,202510,2025-10-01,,,,8085.563000000001,14092.943,3536067620,,
41460,경기,용인시,202511,2025-11-01,,,,10558.390000000001,23437.68,3536067620,,
41460,경기,용인시,202512,2025-12-01,,,,18351.76,47198.29,3536067620,,
41460,경기,용인시,202601,2026-01-01,,,,26852.300000000003,57107.44,3536067620,,
41460,경기,용인시,202602,2026-02-01,,,,29855.826,48498.816,3536067620,,
41460,경기,용인시,202603,2026-03-01,,,,18852.125,25295.265,3536067620,,
41460,경기,용인시,202604,2026-04-01,,,,37888.645000000004,44331.785,3536067620,,
41460,경기,용인시,202605,2026-05-01,,,,,,3536067620,,
41460,경기,용인시,202606,2026-06-01,,,,,,3536067620,,
41460,경기,용인시,202607,2026-07-01,,,,,,3536067620,,
41461,경기,용인시 처인구,202502,2025-02-01,,,,,,3536067620,,
41461,경기,용인시 처인구,202503,2025-03-01,,,1.0,,,3536067620,,
41461,경기,용인시 처인구,202504,2025-04-01,,,1.0,,,3536067620,,
41461,경기,용인시 처인구,202505,2025-05-01,,,,,,3536067620,,
41461,경기,용인시 처인구,202506,2025-06-01,,,1.0,,,3536067620,,
41461,경기,용인시 처인구,202507,2025-07-01,,,,,,3536067620,,
41461,경기,용인시 처인구,202508,2025-08-01,,,,,,3536067620,,
41461,경기,용인시 처인구,202509,2025-09-01,,,,,,3536067620,,
41461,경기,용인시 처인구,202510,2025-10-01,,,2.0,,,3536067620,,
41461,경기,용인시 처인구,202511,2025-11-01,,,,,,3536067620,,
41461,경기,용인시 처인구,202512,2025-12-01,,,2.0,,,3536067620,,
41461,경기,용인시 처인구,202601,2026-01-01,,,1.0,,,3536067620,,
41461,경기,용인시 처인구,202602,2026-02-01,225.0,36133.11111111111,,,,3536067620,,
41461,경기,용인시 처인구,202603,2026-03-01,265.0,35789.43396226415,,,,3536067620,,
41461,경기,용인시 처인구,202604,2026-04-01,213.0,37028.779342723006,,,,3536067620,,
41461,경기,용인시 처인구,202605,2026-05-01,226.0,38572.12389380531,3.0,,,3536067620,,
41461,경기,용인시 처인구,202606,2026-06-01,224.0,39627.90178571428,3.0,,,3536067620,,
41461,경기,용인시 처인구,202607,2026-07-01,192.0,40792.447916666664,,,,3536067620,,
41463,경기,용인시 기흥구,202502,2025-02-01,,,,,,3536067620,,
41463,경기,용인시 기흥구,202503,2025-03-01,,,,,,3536067620,,
41463,경기,용인시 기흥구,202504,2025-04-01,,,,,,3536067620,,
41463,경기,용인시 기흥구,202505,2025-05-01,,,1.0,,,3536067620,,
41463,경기,용인시 기흥구,202506,2025-06-01,,,2.0,,,3536067620,,
41463,경기,용인시 기흥구,202507,2025-07-01,,,,,,3536067620,3.361702127659574,26.490066225165563
41463,경기,용인시 기흥구,202508,2025-08-01,,,1.0,,,3536067620,3.904761904761905,27.419354838709676
41463,경기,용인시 기흥구,202509,2025-09-01,,,,,,3536067620,3.5161290322580645,20.0
41463,경기,용인시 기흥구,202510,2025-10-01,,,,,,3536067620,3.652173913043478,28.57142857142857
41463,경기,용인시 기흥구,202511,2025-11-01,,,,,,3536067620,3.625,18.867924528301888
41463,경기,용인시 기흥구,202512,2025-12-01,,,2.0,,,3536067620,3.357142857142857,28.000000000000004
41463,경기,용인시 기흥구,202601,2026-01-01,,,1.0,,,3536067620,3.6250000000000004,39.58333333333333
41463,경기,용인시 기흥구,202602,2026-02-01,696.0,60817.816091954024,,,,3536067620,3.2105263157894735,11.76470588235294
41463,경기,용인시 기흥구,202603,2026-03-01,775.0,59211.74193548387,1.0,,,3536067620,3.705882352941176,34.66666666666667
41463,경기,용인시 기흥구,202604,2026-04-01,770.0,62233.53246753247,,,,3536067620,3.9393939393939394,18.34862385321101
41463,경기,용인시 기흥구,202605,2026-05-01,771.0,64269.22827496757,1.0,,,3536067620,3.822222222222223,27.586206896551722
41463,경기,용인시 기흥구,202606,2026-06-01,1153.0,67335.49869904597,,,,3536067620,3.7586206896551717,26.900584795321635
41463,경기,용인시 기흥구,202607,2026-07-01,194.0,54135.30927835051,,,,3536067620,,
41465,경기,용인시 수지구,202502,2025-02-01,,,,,,3536067620,,
41465,경기,용인시 수지구,202503,2025-03-01,,,,,,3536067620,,
41465,경기,용인시 수지구,202504,2025-04-01,,,,,,3536067620,,
41465,경기,용인시 수지구,202505,2025-05-01,,,,,,3536067620,,
41465,경기,용인시 수지구,202506,2025-06-01,,,3.0,,,3536067620,,
41465,경기,용인시 수지구,202507,2025-07-01,,,,,,3536067620,,
41465,경기,용인시 수지구,202508,2025-08-01,,,1.0,,,3536067620,,
41465,경기,용인시 수지구,202509,2025-09-01,,,1.0,,,3536067620,,
41465,경기,용인시 수지구,202510,2025-10-01,,,,,,3536067620,,
41465,경기,용인시 수지구,202511,2025-11-01,,,2.0,,,3536067620,,
41465,경기,용인시 수지구,202512,2025-12-01,,,,,,3536067620,,
41465,경기,용인시 수지구,202601,2026-01-01,,,1.0,,,3536067620,,
41465,경기,용인시 수지구,202602,2026-02-01,637.0,89516.16954474097,,,,3536067620,,
41465,경기,용인시 수지구,202603,2026-03-01,482.0,91853.52697095435,1.0,,,3536067620,,
41465,경기,용인시 수지구,202604,2026-04-01,699.0,90706.65236051503,2.0,,,3536067620,,
41465,경기,용인시 수지구,202605,2026-05-01,685.0,95904.1313868613,,,,3536067620,,
41465,경기,용인시 수지구,202606,2026-06-01,561.0,98645.41889483065,2.0,,,3536067620,,
41465,경기,용인시 수지구,202607,2026-07-01,330.0,101432.45454545454,,,,3536067620,,
41480,경기,파주시,202502,2025-02-01,,,,6752.339999999999,12271.088,3536067620,,
41480,경기,파주시,202503,2025-03-01,,,,20625.718999999997,28843.679,3536067620,,
41480,경기,파주시,202504,2025-04-01,,,,11846.9,16609.945,3536067620,,
41480,경기,파주시,202505,2025-05-01,,,,6792.913000000001,7855.183,3536067620,,
41480,경기,파주시,202506,2025-06-01,,,,15219.33,35664.98,3536067620,,
41480,경기,파주시,202507,2025-07-01,,,,34947.55999999999,60703.729999999996,3536067620,,
41480,경기,파주시,202508,2025-08-01,,,1.0,6720.69,75850.13,3536067620,,
41480,경기,파주시,202509,2025-09-01,,,2.0,10605.848000000002,15762.098,3536067620,,
41480,경기,파주시,202510,2025-10-01,,,1.0,18325.02,36277.48,3536067620,,
41480,경기,파주시,202511,2025-11-01,,,,8619.329999999998,25013.64,3536067620,,
41480,경기,파주시,202512,2025-12-01,,,,21451.760000000002,30296.06,3536067620,,
41480,경기,파주시,202601,2026-01-01,,,,21622.74,40577.935000000005,3536067620,,
41480,경기,파주시,202602,2026-02-01,299.0,40190.17725752509,2.0,6526.83,11672.37,3536067620,,
41480,경기,파주시,202603,2026-03-01,428.0,37931.51168224299,1.0,18620.19,26624.515,3536067620,,
41480,경기,파주시,202604,2026-04-01,434.0,38334.10138248848,3.0,18620.19,27183.745,3536067620,,
41480,경기,파주시,202605,2026-05-01,437.0,39561.87414187643,,,,3536067620,,
41480,경기,파주시,202606,2026-06-01,417.0,41580.9376498801,1.0,,,3536067620,,
41480,경기,파주시,202607,2026-07-01,265.0,41867.996226415096,,,,3536067620,,
41500,경기,이천시,202502,2025-02-01,,,,6336.87,19670.86,3536067620,,
41500,경기,이천시,202503,2025-03-01,,,,2027.91,6817.31,3536067620,,
41500,경기,이천시,202504,2025-04-01,,,1.0,9245.849999999999,16188.85,3536067620,,
41500,경기,이천시,202505,2025-05-01,,,,1678.0,3547.09,3536067620,,
41500,경기,이천시,202506,2025-06-01,,,,10180.77,16246.71,3536067620,,
41500,경기,이천시,202507,2025-07-01,,,,3994.2799999999997,57178.17,3536067620,,
41500,경기,이천시,202508,2025-08-01,,,,39667.62499999999,50145.564,3536067620,,
41500,경기,이천시,202509,2025-09-01,,,1.0,5816.2300000000005,20119.054,3536067620,,
41500,경기,이천시,202510,2025-10-01,,,,4536.605,28280.045,3536067620,,
41500,경기,이천시,202511,2025-11-01,,,1.0,1681.67,65336.082,3536067620,,
41500,경기,이천시,202512,2025-12-01,,,1.0,5422.74,19950.648,3536067620,,
41500,경기,이천시,202601,2026-01-01,,,,107115.037,115159.477,3536067620,,
41500,경기,이천시,202602,2026-02-01,131.0,23238.931297709925,,2423.41,19931.85,3536067620,,
41500,경기,이천시,202603,2026-03-01,186.0,23754.139784946237,1.0,5253.12,10542.08,3536067620,,
41500,경기,이천시,202604,2026-04-01,182.0,25281.186813186814,,5253.12,10542.08,3536067620,,
41500,경기,이천시,202605,2026-05-01,208.0,23046.39423076923,2.0,,,3536067620,,
41500,경기,이천시,202606,2026-06-01,174.0,21572.41379310345,,,,3536067620,,
41500,경기,이천시,202607,2026-07-01,101.0,22090.29702970297,,,,3536067620,,
41550,경기,안성시,202502,2025-02-01,,,,3907.6099999999997,6101.57,3536067620,,
41550,경기,안성시,202503,2025-03-01,,,,3302.81,104189.67,3536067620,,
41550,경기,안성시,202504,2025-04-01,,,,2132.03,7836.32,3536067620,,
41550,경기,안성시,202505,2025-05-01,,,,3247.99,17451.95,3536067620,,
41550,경기,안성시,202506,2025-06-01,,,,1892.8,7461.879999999999,3536067620,,
41550,경기,안성시,202507,2025-07-01,,,,6493.72,11614.91,3536067620,,
41550,경기,안성시,202508,2025-08-01,,,,18697.55,21924.579999999998,3536067620,,
41550,경기,안성시,202509,2025-09-01,,,,2949.6099999999997,6505.19,3536067620,,
41550,경기,안성시,202510,2025-10-01,,,,3807.66,12678.619999999999,3536067620,,
41550,경기,안성시,202511,2025-11-01,,,,1738.45,53727.04,3536067620,,
41550,경기,안성시,202512,2025-12-01,,,,5014.570000000001,122046.28,3536067620,,
41550,경기,안성시,202601,2026-01-01,,,,3624.5600000000004,4978.6,3536067620,,
41550,경기,안성시,202602,2026-02-01,156.0,17304.29487179487,,2705.9,14465.81,3536067620,,
41550,경기,안성시,202603,2026-03-01,239.0,17596.861924686193,,1830.2400000000002,23536.95,3536067620,,
41550,경기,안성시,202604,2026-04-01,196.0,17805.0,,2490.24,25089.09,3536067620,,
41550,경기,안성시,202605,2026-05-01,185.0,19467.45945945946,,,,3536067620,,
41550,경기,안성시,202606,2026-06-01,170.0,18242.764705882353,,,,3536067620,,
41550,경기,안성시,202607,2026-07-01,110.0,20844.363636363636,,,,3536067620,,
41570,경기,김포시,202502,2025-02-01,,,7.0,8517.779999999999,17784.15,3536067620,,
41570,경기,김포시,202503,2025-03-01,,,3.0,58067.08699999999,63973.176999999996,3536067620,,
41570,경기,김포시,202504,2025-04-01,,,2.0,11800.920000000002,57267.85,3536067620,,
41570,경기,김포시,202505,2025-05-01,,,4.0,37372.194,61475.054,3536067620,,
41570,경기,김포시,202506,2025-06-01,,,5.0,7867.08,14791.81,3536067620,,
41570,경기,김포시,202507,2025-07-01,,,2.0,3365.9199999999996,16468.38,3536067620,,
41570,경기,김포시,202508,2025-08-01,,,,17676.32,37276.53,3536067620,,
41570,경기,김포시,202509,2025-09-01,,,,2378.51,9521.83,3536067620,,
41570,경기,김포시,202510,2025-10-01,,,3.0,5143.4400000000005,14964.42,3536067620,,
41570,경기,김포시,202511,2025-11-01,,,,2397.15,8189.629999999999,3536067620,,
41570,경기,김포시,202512,2025-12-01,,,4.0,6145.3,36062.74,3536067620,,
41570,경기,김포시,202601,2026-01-01,,,3.0,6488.89,14766.66,3536067620,,
41570,경기,김포시,202602,2026-02-01,352.0,45603.55113636364,1.0,2724.75,17584.36,3536067620,,
41570,경기,김포시,202603,2026-03-01,529.0,44860.68052930057,2.0,5500.499999999999,26985.079999999998,3536067620,,
41570,경기,김포시,202604,2026-04-01,488.0,45094.262295081964,1.0,5500.499999999999,26985.079999999998,3536067620,,
41570,경기,김포시,202605,2026-05-01,431.0,45776.566125290025,3.0,,,3536067620,,
41570,경기,김포시,202606,2026-06-01,443.0,46889.300225733634,2.0,,,3536067620,,
41570,경기,김포시,202607,2026-07-01,175.0,46347.65714285714,,,,3536067620,,
41590,경기,화성시,202502,2025-02-01,,,,20740.213999999996,49414.019,3536067620,,
41590,경기,화성시,202503,2025-03-01,,,,18566.877,50402.057,3536067620,,
41590,경기,화성시,202504,2025-04-01,,,,147379.95,165513.052,3536067620,,
41590,경기,화성시,202505,2025-05-01,,,,43440.365,74330.015,3536067620,,
41590,경기,화성시,202506,2025-06-01,,,,20234.7,90984.674,3536067620,,
41590,경기,화성시,202507,2025-07-01,,,,29671.679999999997,48731.95,3536067620,,
41590,경기,화성시,202508,2025-08-01,,,,24499.368,37218.788,3536067620,,
41590,경기,화성시,202509,2025-09-01,,,,50130.185000000005,64591.985,3536067620,,
41590,경기,화성시,202510,2025-10-01,,,,11150.918000000001,35156.463,3536067620,,
41590,경기,화성시,202511,2025-11-01,,,,34951.56,54610.2,3536067620,,
41590,경기,화성시,202512,2025-12-01,,,,101627.121,119409.547,3536067620,,
41590,경기,화성시,202601,2026-01-01,,,,27750.52,71477.75,3536067620,,
41590,경기,화성시,202602,2026-02-01,,,,9522.458999999999,34628.229,3536067620,,
41590,경기,화성시,202603,2026-03-01,,,,22596.36,51921.984,3536067620,,
41590,경기,화성시,202604,2026-04-01,,,,23933.039999999997,53425.954,3536067620,,
41590,경기,화성시,202605,2026-05-01,,,,,,3536067620,,
41590,경기,화성시,202606,2026-06-01,,,,,,3536067620,,
41590,경기,화성시,202607,2026-07-01,,,,,,3536067620,,
41610,경기,광주시,202502,2025-02-01,,,1.0,10273.72,16598.96,3536067620,,
41610,경기,광주시,202503,2025-03-01,,,1.0,11356.74,15812.92,3536067620,,
41610,경기,광주시,202504,2025-04-01,,,1.0,7955.2300000000005,12053.95,3536067620,,
41610,경기,광주시,202505,2025-05-01,,,,8522.359999999999,30988.38,3536067620,,
41610,경기,광주시,202506,2025-06-01,,,2.0,12155.219999999998,15466.72,3536067620,,
41610,경기,광주시,202507,2025-07-01,,,,10957.09,23133.29,3536067620,,
41610,경기,광주시,202508,2025-08-01,,,,13624.862999999998,22330.018,3536067620,,
41610,경기,광주시,202509,2025-09-01,,,2.0,7023.822,9661.492,3536067620,,
41610,경기,광주시,202510,2025-10-01,,,,8411.164999999999,13490.625,3536067620,,
41610,경기,광주시,202511,2025-11-01,,,1.0,29254.049999999992,32178.82,3536067620,,
41610,경기,광주시,202512,2025-12-01,,,1.0,12151.47,16762.47,3536067620,,
41610,경기,광주시,202601,2026-01-01,,,2.0,24414.008000000005,40426.858,3536067620,,
41610,경기,광주시,202602,2026-02-01,236.0,43307.71186440678,,4575.8539999999975,13024.639000000001,3536067620,,
41610,경기,광주시,202603,2026-03-01,308.0,43079.35064935065,,7590.68,9015.66,3536067620,,
41610,경기,광주시,202604,2026-04-01,291.0,46968.93127147766,1.0,7640.727,9903.317000000001,3536067620,,
41610,경기,광주시,202605,2026-05-01,337.0,47742.492581602375,,,,3536067620,,
41610,경기,광주시,202606,2026-06-01,382.0,47491.43979057592,1.0,,,3536067620,,
41610,경기,광주시,202607,2026-07-01,209.0,48024.64114832536,,,,3536067620,,
41630,경기,양주시,202502,2025-02-01,,,2.0,22538.374,27709.724000000002,3536067620,,
41630,경기,양주시,202503,2025-03-01,,,3.0,4384.55,5967.8,3536067620,,
41630,경기,양주시,202504,2025-04-01,,,5.0,81283.62399999998,89422.874,3536067620,,
41630,경기,양주시,202505,2025-05-01,,,3.0,8990.704,17137.454999999998,3536067620,,
41630,경기,양주시,202506,2025-06-01,,,,2542.82,6328.566,3536067620,,
41630,경기,양주시,202507,2025-07-01,,,4.0,1833.12,8186.86,3536067620,,
41630,경기,양주시,202508,2025-08-01,,,,12303.774999999998,25154.535,3536067620,,
41630,경기,양주시,202509,2025-09-01,,,,3127.79,33552.6,3536067620,,
41630,경기,양주시,202510,2025-10-01,,,,5365.99,11039.41,3536067620,,
41630,경기,양주시,202511,2025-11-01,,,,11855.505999999998,18372.896,3536067620,,
41630,경기,양주시,202512,2025-12-01,,,,11346.950000000003,17595.419,3536067620,,
41630,경기,양주시,202601,2026-01-01,,,1.0,10970.952000000001,12450.571,3536067620,,
41630,경기,양주시,202602,2026-02-01,213.0,30564.929577464787,,2383.92,177632.157,3536067620,,
41630,경기,양주시,202603,2026-03-01,296.0,29425.0,3.0,1628.2700000000002,9952.31,3536067620,,
41630,경기,양주시,202604,2026-04-01,311.0,31595.450160771703,2.0,1929.6100000000001,9952.31,3536067620,,
41630,경기,양주시,202605,2026-05-01,291.0,32756.704467353953,,,,3536067620,,
41630,경기,양주시,202606,2026-06-01,266.0,31237.03007518797,,,,3536067620,,
41630,경기,양주시,202607,2026-07-01,145.0,30415.172413793105,,,,3536067620,,
41650,경기,포천시,202502,2025-02-01,,,1.0,4022.7599999999998,10493.34,3536067620,,
41650,경기,포천시,202503,2025-03-01,,,,1940.59,14467.77,3536067620,,
41650,경기,포천시,202504,2025-04-01,,,1.0,3417.0,18741.786,3536067620,,
41650,경기,포천시,202505,2025-05-01,,,,4134.55,11860.616,3536067620,,
41650,경기,포천시,202506,2025-06-01,,,1.0,4397.94,17780.83,3536067620,,
41650,경기,포천시,202507,2025-07-01,,,1.0,4062.97,18508.72,3536067620,,
41650,경기,포천시,202508,2025-08-01,,,2.0,3488.57,18158.649999999998,3536067620,,
41650,경기,포천시,202509,2025-09-01,,,,5714.499999999999,24172.87,3536067620,,
41650,경기,포천시,202510,2025-10-01,,,1.0,3090.73,7504.05,3536067620,,
41650,경기,포천시,202511,2025-11-01,,,1.0,6943.210000000001,15142.32,3536067620,,
41650,경기,포천시,202512,2025-12-01,,,2.0,10033.73,28803.47,3536067620,,
41650,경기,포천시,202601,2026-01-01,,,,3483.17,25033.73,3536067620,,
41650,경기,포천시,202602,2026-02-01,55.0,21673.636363636364,1.0,5795.75,8540.45,3536067620,,
41650,경기,포천시,202603,2026-03-01,85.0,20310.58823529412,,3266.2299999999996,17349.92,3536067620,,
41650,경기,포천시,202604,2026-04-01,73.0,16805.205479452055,2.0,3266.2299999999996,17349.92,3536067620,,
41650,경기,포천시,202605,2026-05-01,68.0,19877.20588235294,,,,3536067620,,
41650,경기,포천시,202606,2026-06-01,71.0,19587.323943661973,1.0,,,3536067620,,
41650,경기,포천시,202607,2026-07-01,43.0,17845.3488372093,,,,3536067620,,
41670,경기,여주시,202502,2025-02-01,,,,3371.91,9661.98,3536067620,,
41670,경기,여주시,202503,2025-03-01,,,1.0,3012.8900000000003,7602.68,3536067620,,
41670,경기,여주시,202504,2025-04-01,,,13.0,5089.239999999999,52566.31,3536067620,,
41670,경기,여주시,202505,2025-05-01,,,2.0,1134.38,7450.8,3536067620,,
41670,경기,여주시,202506,2025-06-01,,,4.0,2280.07,54863.38,3536067620,,
41670,경기,여주시,202507,2025-07-01,,,1.0,2997.3200000000006,62197.979999999996,3536067620,3.6799999999999993,26.875
41670,경기,여주시,202508,2025-08-01,,,,2624.54,9474.21,3536067620,3.7045454545454546,23.140495867768596
41670,경기,여주시,202509,2025-09-01,,,,6301.450000000002,12102.75,3536067620,3.6956521739130435,29.292929292929294
41670,경기,여주시,202510,2025-10-01,,,,2801.0200000000004,6761.7,3536067620,3.923076923076923,35.61643835616438
41670,경기,여주시,202511,2025-11-01,,,3.0,6913.18,18794.9,3536067620,3.45,30.508474576271187
41670,경기,여주시,202512,2025-12-01,,,1.0,7228.58,41101.27,3536067620,3.9333333333333336,28.57142857142857
41670,경기,여주시,202601,2026-01-01,,,,3516.3999999999996,9804.550000000001,3536067620,3.411764705882353,29.166666666666668
41670,경기,여주시,202602,2026-02-01,68.0,20897.79411764706,1.0,3115.73,35055.4,3536067620,3.529411764705882,32.83582089552239
41670,경기,여주시,202603,2026-03-01,87.0,20082.41379310345,3.0,1969.9199999999998,5320.26,3536067620,3.5,30.88235294117647
41670,경기,여주시,202604,2026-04-01,76.0,21886.184210526317,3.0,2054.56,5625.62,3536067620,3.266666666666667,24.175824175824175
41670,경기,여주시,202605,2026-05-01,84.0,19163.095238095237,,,,3536067620,3.2325581395348832,28.92561983471074
41670,경기,여주시,202606,2026-06-01,63.0,23407.619047619046,1.0,,,3536067620,3.5416666666666656,25.287356321839084
41670,경기,여주시,202607,2026-07-01,46.0,25035.869565217392,,,,3536067620,,
41800,경기,연천군,202502,2025-02-01,,,,519.83,739.55,3536067620,,
41800,경기,연천군,202503,2025-03-01,,,,494.28,816.92,3536067620,,
41800,경기,연천군,202504,2025-04-01,,,,1086.48,4828.4400000000005,3536067620,,
41800,경기,연천군,202505,2025-05-01,,,,20.0,1728.54,3536067620,,
41800,경기,연천군,202506,2025-06-01,,,,749.3399999999999,4579.88,3536067620,,
41800,경기,연천군,202507,2025-07-01,,,,700.75,4500.78,3536067620,,
41800,경기,연천군,202508,2025-08-01,,,,374.77,751.22,3536067620,,
41800,경기,연천군,202509,2025-09-01,,,,935.69,1606.31,3536067620,,
41800,경기,연천군,202510,2025-10-01,,,,209.82,1383.29,3536067620,,
41800,경기,연천군,202511,2025-11-01,,,,408.38,5247.92,3536067620,,
41800,경기,연천군,202512,2025-12-01,,,,1168.1100000000001,6458.64,3536067620,,
41800,경기,연천군,202601,2026-01-01,,,,188.4,2095.91,3536067620,,
41800,경기,연천군,202602,2026-02-01,11.0,17261.454545454544,,441.79,1339.5,3536067620,,
41800,경기,연천군,202603,2026-03-01,16.0,15796.875,,1495.35,2192.565,3536067620,,
41800,경기,연천군,202604,2026-04-01,21.0,18552.380952380954,,1495.35,2192.565,3536067620,,
41800,경기,연천군,202605,2026-05-01,17.0,13361.764705882353,,,,3536067620,,
41800,경기,연천군,202606,2026-06-01,19.0,16368.421052631578,,,,3536067620,,
41800,경기,연천군,202607,2026-07-01,4.0,13575.0,,,,3536067620,,
41820,경기,가평군,202502,2025-02-01,,,,1257.11,5963.93,3536067620,,
41820,경기,가평군,202503,2025-03-01,,,,2620.34,5646.46,3536067620,,
41820,경기,가평군,202504,2025-04-01,,,,11471.399999999998,17182.579999999998,3536067620,,
41820,경기,가평군,202505,2025-05-01,,,,445.25,2624.62,3536067620,,
41820,경기,가평군,202506,2025-06-01,,,,4347.09,6911.3,3536067620,,
41820,경기,가평군,202507,2025-07-01,,,,2225.26,4791.650000000001,3536067620,,
41820,경기,가평군,202508,2025-08-01,,,,4636.29,5814.79,3536067620,,
41820,경기,가평군,202509,2025-09-01,,,,2740.770000000001,4495.09,3536067620,,
41820,경기,가평군,202510,2025-10-01,,,,166.65,2805.741,3536067620,,
41820,경기,가평군,202511,2025-11-01,,,,1460.8700000000001,6269.48,3536067620,,
41820,경기,가평군,202512,2025-12-01,,,,27869.663,33325.633,3536067620,,
41820,경기,가평군,202601,2026-01-01,,,,1377.75,3351.65,3536067620,,
41820,경기,가평군,202602,2026-02-01,22.0,22822.727272727272,,392.35,2096.54,3536067620,,
41820,경기,가평군,202603,2026-03-01,9.0,19088.88888888889,,2744.7,3495.59,3536067620,,
41820,경기,가평군,202604,2026-04-01,24.0,21683.333333333332,1.0,2744.7,3495.59,3536067620,,
41820,경기,가평군,202605,2026-05-01,16.0,22600.0,,,,3536067620,,
41820,경기,가평군,202606,2026-06-01,26.0,23016.53846153846,,,,3536067620,,
41820,경기,가평군,202607,2026-07-01,12.0,26491.666666666668,,,,3536067620,,
41830,경기,양평군,202502,2025-02-01,,,,13953.562999999996,19484.114,3536067620,,
41830,경기,양평군,202503,2025-03-01,,,,6907.585,13848.665,3536067620,,
41830,경기,양평군,202504,2025-04-01,,,,3213.9900000000002,10372.56,3536067620,,
41830,경기,양평군,202505,2025-05-01,,,,3614.0650000000005,11248.755,3536067620,,
41830,경기,양평군,202506,2025-06-01,,,,2901.5699999999997,8155.949,3536067620,,
41830,경기,양평군,202507,2025-07-01,,,,4502.655000000001,10626.395,3536067620,,
41830,경기,양평군,202508,2025-08-01,,,,2676.9349999999995,11157.705,3536067620,,
41830,경기,양평군,202509,2025-09-01,,,,5056.193,9985.233,3536067620,,
41830,경기,양평군,202510,2025-10-01,,,,2979.7139999999995,7959.224,3536067620,,
41830,경기,양평군,202511,2025-11-01,,,,6582.030000000002,12284.82,3536067620,,
41830,경기,양평군,202512,2025-12-01,,,,8821.503999999997,15801.846,3536067620,,
41830,경기,양평군,202601,2026-01-01,,,,3351.928,6789.053,3536067620,,
41830,경기,양평군,202602,2026-02-01,39.0,37725.07692307692,,2104.4500000000003,6078.5,3536067620,,
41830,경기,양평군,202603,2026-03-01,59.0,34175.84745762712,,2876.707,6751.517,3536067620,,
41830,경기,양평군,202604,2026-04-01,71.0,38137.91549295775,,4659.723,9014.823,3536067620,,
41830,경기,양평군,202605,2026-05-01,56.0,34690.21428571428,,,,3536067620,,
41830,경기,양평군,202606,2026-06-01,50.0,35023.76,,,,3536067620,,
41830,경기,양평군,202607,2026-07-01,34.0,34795.32352941176,,,,3536067620,,
